Date,Close,High,Low,Open,Volume,Ticker,Returns,SMA_5,SMA_10,SMA_20,Volatility,Momentum,Volume_Change,HL_Spread,Sentiment_Proxy,Sentiment_SMA,Future_Close,Target
2023-04-24,162.96905517578125,163.23520373133107,161.54961626736943,162.643765839196,41949600.0,AAPL,,,,,,,,0.010342990957047243,,,161.43133544921875,0
2023-04-25,161.43133544921875,163.93505711689548,161.3918982344198,162.83105575677226,48714100.0,AAPL,-0.009435654670169713,,,,,,0.16125302744245484,0.015753811832125146,,,161.42147827148438,0
2023-04-26,161.42147827148438,162.91977666468185,160.47519563222698,160.73147738017352,45498800.0,AAPL,-6.106111745252107e-05,,,,,,-0.06600347743261192,0.015144087754812156,,,166.00506591796875,1
2023-04-27,166.00506591796875,166.1529178634098,162.83104713478986,162.83104713478986,64902300.0,AAPL,0.02839515345520205,,,,,,0.4264617967946407,0.02001065877267538,,,167.25692749023438,1
2023-04-28,167.25692749023438,167.424513091262,165.4826438930684,166.08393356927388,55275900.0,AAPL,0.007541104636434648,163.8167724609375,,,,,-0.1483214000120181,0.011610097275683812,,,167.16819763183594,0
2023-05-01,167.16819763183594,168.0159171618742,166.23176694003394,166.86262693627947,52472900.0,AAPL,-0.000530500348953411,164.65660095214844,,,,4.1991424560546875,-0.05070926027436917,0.01067278493825482,0.25766501815485343,,166.13319396972656,0
2023-05-02,166.13319396972656,167.91735928630777,165.14747425578494,167.6610625345139,48425700.0,AAPL,-0.0061913909270518985,165.59697265625,,,,4.7018585205078125,-0.07712933723884141,0.0166726766899309,0.29126058502978003,,165.05877685546875,0
2023-05-03,165.05877685546875,168.4792257513459,164.77292473257992,167.07950544573387,65136000.0,AAPL,-0.006467203143362132,166.32443237304688,,,,3.637298583984375,0.34507090243403815,0.022454431623538183,0.22532928225741156,0.258084961814015,163.4224853515625,0
2023-05-04,163.4224853515625,164.6546351492701,161.9636242025262,162.53534351356944,81235400.0,AAPL,-0.009913386825464277,165.80791625976562,,,,-2.58258056640625,0.2471659297469908,0.016466589288217297,-0.15557239486187924,0.12033915747510411,171.0913848876953,1
2023-05-05,171.0913848876953,171.8109560965244,168.32149974515366,168.5383592942621,113453200.0,AAPL,0.04692683212860893,166.5748077392578,165.19579010009767,,,3.8344573974609375,0.39659803484687717,0.020395277960145213,0.22925552053351117,0.09967080264301449,171.0223846435547,0
2023-05-08,171.0223846435547,171.36739258858665,169.65223472844943,170.0169462399646,55962800.0,AAPL,-0.00040329467311239764,167.34564514160155,166.001123046875,,,3.85418701171875,-0.5067322913765324,0.01002885010469221,0.23055743055907296,0.1014135187435683,169.31707763671875,0
2023-05-09,169.31707763671875,171.06179068201072,169.14950709207488,170.57879765359286,45326900.0,AAPL,-0.00997125031550783,167.982421875,166.789697265625,,,3.1838836669921875,-0.19005303523054595,0.011294097539521519,0.19164644890727667,0.21715313333328692,171.08152770996094,1
2023-05-10,171.08152770996094,171.54481722364216,169.4452292165715,170.54924563088602,53724500.0,AAPL,0.010420981143012265,169.18697204589844,167.75570220947264,,,6.0227508544921875,0.18526746810392947,0.012272441304301057,0.3648852226601629,0.2623630340421708,171.26876831054688,1
2023-05-11,171.26876831054688,172.09676910580384,169.71132964848562,171.3673462798859,49514700.0,AAPL,0.001094452470072449,170.7562286376953,168.28207244873047,,,7.846282958984375,-0.07835903544937595,0.013928047015512578,0.4801226062683517,0.3455514259452637,170.34095764160156,0
2023-05-12,170.34095764160156,171.8117019924622,168.79122976444327,171.3773829679925,45533100.0,AAPL,-0.005417278807441361,170.60614318847655,168.5904754638672,,,-0.75042724609375,-0.08041248356548658,0.01773191996709335,-0.043861194214210864,0.26704887823810125,169.847412109375,0
2023-05-15,169.847412109375,170.97268634600138,169.2551561693846,170.92332917405315,37266700.0,AAPL,-0.0028973978957250734,170.37114868164062,168.8583969116211,,,-1.1749725341796875,-0.18154705038752028,0.010112195147905786,-0.0687028506021925,0.12251952048398278,169.847412109375,0
2023-05-16,169.847412109375,170.903583292935,169.58089543020992,169.7684436465967,42110300.0,AAPL,0.0,170.4772155761719,169.22981872558594,,,0.53033447265625,0.12997126120638525,0.007787506717342958,0.03132197177381668,-0.027080691014195562,170.4594268798828,1
2023-05-17,170.4594268798828,170.6963172454511,168.21874344813716,169.4920894098534,57951600.0,AAPL,0.0036033211392922926,170.35279541015626,169.76988372802734,,,-0.622100830078125,0.3761858737648509,0.014534683371074587,-0.03636282878726638,-0.02458123587188073,172.78892517089844,1
2023-05-18,172.78892517089844,172.97647339745131,170.35082834910114,170.7654015048888,65496700.0,AAPL,0.013665998611253949,170.65682678222657,170.70652770996094,,,1.5201568603515625,0.13019657783391647,0.015195679038765139,0.08875855623572848,0.027905899740759594,172.8975067138672,1
2023-05-19,172.8975067138672,174.11161490131877,172.68034719263906,174.11161490131877,55809500.0,AAPL,0.000628405685499489,171.1681365966797,170.88713989257812,168.04146499633788,,2.556549072265625,-0.14790363483961788,0.008278128099605025,0.15008422564141144,0.06749331769662452,171.94985961914062,0
2023-05-22,171.94985961914062,172.45328160042612,171.20954735178353,171.7327001491139,43570900.0,AAPL,-0.005480976057652742,171.5886260986328,170.97988739013672,168.49050521850586,0.013872131194667105,2.102447509765625,-0.2192924143738969,0.007233121628580554,0.12378448889240223,0.12087575692318071,169.34396362304688,0
2023-05-23,169.34396362304688,171.14046198217582,169.06758157728734,170.8936912226268,50747300.0,AAPL,-0.015154976002107023,171.4879364013672,170.98257598876953,168.88613662719726,0.014192356716497299,-0.503448486328125,0.16470626037102742,0.01224065127885297,-0.029641222087265495,0.0814091641488494,169.62037658691406,1
2023-05-24,169.62037658691406,170.19288666082696,168.317434571077,168.88006417332414,45143500.0,AAPL,0.0016322575541132256,171.32012634277345,170.83646087646486,169.29608154296875,0.014181387631800291,-0.83905029296875,-0.11042557929190322,0.011056761737520186,-0.049222874224492674,0.014973464193548022,170.7555694580078,1
2023-05-25,170.7555694580078,171.6538039402033,169.47235797554546,170.1830592562416,56058300.0,AAPL,0.0066925501165366885,170.9134552001953,170.78514099121094,169.5336067199707,0.012871440308136167,-2.033355712890625,0.24178010123273563,0.012775255129785307,-0.11767859027304706,-0.06551422886160174,173.1639862060547,1
2023-05-26,173.1639862060547,173.49960591702484,170.87396117733175,171.08125526170468,54835000.0,AAPL,0.014104469656195606,170.9667510986328,171.06744384765625,169.8289596557617,0.013115227995670992,0.2664794921875,-0.021821924674847448,0.015162764482498849,0.015412569981618773,-0.05049629817197365,175.0098419189453,1
2023-05-30,175.0098419189453,176.67801481811213,174.28927545149398,174.67423726963298,55964400.0,AAPL,0.010659582014323599,171.57874755859376,171.58368682861328,170.22104187011718,0.013247825438813277,3.0599822998046875,0.020596334457919196,0.01364917161472829,0.17795782483233102,0.025230601513634248,174.96051025390625,0
2023-05-31,174.96051025390625,177.03339115324283,174.47683402760893,175.03947872320146,99625300.0,AAPL,-0.00028187937602908164,172.70205688476562,172.0949966430664,170.66240768432618,0.013111874501144169,5.616546630859375,0.7801548841763692,0.014612195185780915,0.3316650036231339,0.1750117994790279,177.76380920410156,1
2023-06-01,177.76380920410156,177.79342049505456,174.64462268903534,175.40468096744894,68901800.0,AAPL,0.016022466704784355,174.33074340820312,172.82543487548827,171.29765930175782,0.01325046524492823,8.1434326171875,-0.30839053935094796,0.01771337945624179,0.480097543765019,0.3299067907401613,178.6126708984375,1
2023-06-02,178.6126708984375,179.4319516190538,176.94449817130123,178.69163934807793,61996900.0,AAPL,0.004775222235259946,175.90216369628905,173.40780944824218,172.05716857910156,0.012851642542953543,7.8571014404296875,-0.100213637379575,0.013926522879034543,0.46013734517525773,0.42396663085447023,177.26040649414062,0
2023-06-05,177.26040649414062,182.56103856696868,175.74028990045602,180.27101332814428,121946500.0,AAPL,-0.007570932104059902,176.72144775390626,173.84409942626954,172.36561965942383,0.00839384696028859,4.0964202880859375,0.966977381127121,0.03847869245825135,0.23656306243790448,0.3922659837927271,176.8951873779297,0
2023-06-06,176.8951873779297,177.79342164547316,175.13816542041533,177.64536518975015,64848400.0,AAPL,-0.0020603535974798026,177.09851684570313,174.33863220214843,172.65925979614258,0.008424923455526834,1.885345458984375,-0.46822254021230625,0.015010336145465476,0.10772796765667447,0.2681427917566122,175.5231475830078,0
2023-06-07,175.5231475830078,178.86935913776645,175.02960596689772,176.135134367242,61944600.0,AAPL,-0.007756230201958925,177.21104431152344,174.95655059814453,172.96956329345704,0.008276349740678481,0.5626373291015625,-0.04477828288747299,0.021876050103607273,0.032157961147063485,0.12548299708054747,178.2376251220703,1
2023-06-08,178.2376251220703,178.50412674833163,175.1677956906412,175.60209965770608,50214900.0,AAPL,0.015465068718522046,177.3058074951172,175.81827545166016,173.3273681640625,0.008621451653344147,0.47381591796875,-0.1893579101326024,0.018718444298197134,0.026654239695367288,0.05551338949970175,178.62258911132812,1
2023-06-09,178.62258911132812,179.87617397731293,178.2968498358667,179.1556074319137,48900000.0,AAPL,0.0021598357192773587,177.30779113769532,176.6049774169922,173.69505920410157,0.008618292281086725,0.009918212890625,-0.026185454914776307,0.008841682058823443,0.0005552916733586599,0.019789164171929812,181.41603088378903,1
2023-06-12,181.41603088378903,181.51474523727245,178.63246384356634,178.92859184232086,54274900.0,AAPL,0.015638793426736575,178.138916015625,177.43018188476563,174.24881286621093,0.0089271441896969,4.155624389648409,0.10991615541922295,0.01588768853372408,0.23443613110442518,0.08721522082438371,180.94223022460935,0
2023-06-13,180.94223022460935,181.77137654932005,180.08347260699438,180.4388231835412,54929100.0,AAPL,-0.002611680218509438,178.94832458496094,178.02342071533204,174.80355377197264,0.008917109133215646,4.047042846679659,0.012053453806455616,0.009328413495458892,0.2287819644314748,0.1545911290697529,181.5739288330078,1
2023-06-14,181.5739288330078,182.0082477963548,179.66886572578127,181.00141884147695,57462900.0,AAPL,0.0034911618344390938,180.15848083496093,178.68476257324218,175.3898796081543,0.008885148817188385,6.05078125,0.04612855480974565,0.012883909521641916,0.3447283924269007,0.26931549598760024,183.6073303222656,1
2023-06-15,183.6073303222656,184.11075236554325,181.40613912687283,181.58382192499832,65433200.0,AAPL,0.011198752498922326,181.23242187499997,179.26911468505858,176.04727478027343,0.009055830397700075,5.369705200195284,0.1387034068938393,0.014730420805766909,0.30126664875150366,0.29159233520329303,182.5314178466797,0
2023-06-16,182.5314178466797,184.57468723659963,181.88981981135748,184.31803597311568,101256200.0,AAPL,-0.005859855778619916,182.0141876220703,179.6609893798828,176.5343994140625,0.008984013081127286,3.9088287353515625,0.5474743708087026,0.014709070125655548,0.2188317141072993,0.28827558509523454,182.62026977539065,1
2023-06-20,182.62026977539065,183.69620198313197,182.0280288523053,182.0280288523053,49799100.0,AAPL,0.00048677608358693725,182.25503540039062,180.1969757080078,177.02053756713866,0.008985857728397776,1.2042388916016193,-0.5081871529842124,0.009134654838032974,0.06637996023477255,0.19549277436452517,181.58383178710935,0
2023-06-21,181.58383178710935,183.015099412311,180.23151756348105,182.5116773416917,49515700.0,AAPL,-0.005675372123565725,182.3833557128906,180.66584014892578,177.50223617553712,0.008995361012242341,0.6416015625,-0.005690865899182884,0.015329458693731346,0.0354589175618969,0.10689019730132292,184.58453369140625,1
2023-06-22,184.58453369140625,184.6338908571381,181.29754526800116,181.36664831236425,51245300.0,AAPL,0.01652516016852723,182.9854766845703,181.5719787597656,178.26426467895507,0.008445716662703938,3.0106048583984375,0.034930335227008724,0.018074892421456896,0.16580600958231662,0.08921496245966203,184.2686767578125,0
2023-06-23,184.2686767578125,185.13731475683957,182.6202496908907,183.15328303090956,53117000.0,AAPL,-0.0017111776771168152,183.11774597167968,182.17508392333986,178.9966796875,0.008534996867786398,0.6613464355469034,0.03652432515762416,0.013659755473563781,0.03601960958672601,0.07909484557697984,182.87692260742188,0
2023-06-26,182.87692260742188,185.62101290744985,182.8374308418657,184.4167701068108,48088700.0,AAPL,-0.007552852578519564,183.1868469238281,182.60051727294922,179.6027473449707,0.008901239338918922,0.3455047607421875,-0.0946646083174878,0.015221067950490396,0.018928509120132997,0.07358470942972521,185.63087463378903,1
2023-06-27,185.63087463378903,185.95661391553264,183.27174625542972,183.48890577659213,50730800.0,AAPL,0.015059046199497939,183.78896789550782,183.02200164794922,180.22609176635743,0.008963590614784337,3.0106048583983807,0.054942221353457166,0.014463475784400668,0.16485600761083186,0.07326804210589695,186.80552673339844,1
2023-06-28,186.80552673339844,187.4471248956508,185.1768452066367,185.5025694626316,51216800.0,AAPL,0.006327891854879919,184.83330688476562,183.60833129882812,180.81587600708008,0.008833388482044282,5.221694946289091,0.009579979026548058,0.012153171957562893,0.2875638703566441,0.157116129029203,187.14108276367188,1
2023-06-29,187.14108276367188,187.6148934997605,186.4994847683796,186.6376758009822,46347300.0,AAPL,0.0017962853462698547,185.34461669921876,184.16504669189453,181.42490463256837,0.008801157623051621,2.556549072265625,-0.09507622498867563,0.005960255839651661,0.13850288651701126,0.19697425482816242,191.46453857421875,1
2023-06-30,191.46453857421875,191.96794560784363,188.78953634841972,189.1547673916645,85213200.0,AAPL,0.02310265467474437,186.7837890625,184.95076751708984,182.1099411010742,0.009453497892461636,7.19586181640625,0.838579593633286,0.01660051142155416,0.3905092250629161,0.2721919939788571,189.9740295410156,0
2023-07-03,189.9740295410156,191.37568580561535,189.28305928715224,191.27697146600815,31458200.0,AAPL,-0.007784778551174765,188.20321044921874,185.69502868652341,182.67800903320312,0.009793668181517872,7.097106933593722,-0.6308294958996963,0.011015329429601355,0.3880810565053605,0.30569772269509593,188.85862731933597,0
2023-07-05,188.85862731933597,190.4873085475444,188.15779163185772,189.09553270560195,46920300.0,AAPL,-0.005871340542570436,188.84876098632813,186.31886444091796,183.2579200744629,0.009702850789695806,3.227752685546932,0.4915125468081454,0.012334712735933161,0.1738801636265852,0.31749014839828726,189.3323974609375,1
2023-07-06,189.3323974609375,189.5396915286371,186.75611009728527,187.38784264698543,45094300.0,AAPL,0.0025085967653488694,189.35413513183593,187.09372100830078,183.8797805786133,0.009625503047219331,2.5268707275390625,-0.038917057222566775,0.014702087274451379,0.13526745015126407,0.23240955676106992,188.21701049804688,0
2023-07-07,188.21701049804688,190.1813114167851,187.7827065576724,188.9375920522482,46815000.0,AAPL,-0.0058911574450470905,189.56932067871094,187.45696868896485,184.51447372436525,0.009519706350099525,1.075927734375,0.038157815954566354,0.012743826143905153,0.057492866797919095,0.12221349352525612,186.1737365722656,0
2023-07-10,186.1737365722656,187.5359160149769,184.62400893826023,186.8153345366687,59922200.0,AAPL,-0.010855947187634718,188.51116027832032,187.64747467041013,184.911279296875,0.0096033776082602,-5.290802001953153,0.2799786393250028,0.0156408048220398,-0.2763332594825252,-0.027857647511114008,185.65061950683597,0
2023-07-11,185.65061950683597,186.8548622770273,184.18974051380027,186.71667122446576,46638100.0,AAPL,-0.002809832767290299,187.64647827148437,187.92484436035156,185.2626808166504,0.009669194809757257,-4.323410034179631,-0.22168912356355408,0.014355576998917045,-0.22757900354196559,-0.14880646540885722,187.31878662109372,1
2023-07-12,187.31878662109372,189.22385000348103,186.03557542450565,187.22993768452707,60750200.0,AAPL,0.008985518705453721,187.33851013183593,188.093635559082,185.5578186035156,0.009281037421278504,-1.5398406982422443,0.30258736955407706,0.017020580991828578,-0.0815340405730347,-0.19514876786584182,188.07884216308597,1
2023-07-13,188.07884216308597,188.72045533421505,187.32866429002723,188.03936545890204,41342300.0,AAPL,0.0040575510641636114,187.08779907226562,188.2209671020508,185.91464920043944,0.009239847093317937,-1.253555297851534,-0.31947055318336404,0.007400040473350901,-0.06620923384811461,-0.12510742598770497,188.2268829345703,1
2023-07-14,188.2268829345703,188.71054402484236,187.1805772351739,187.7728180713282,41616200.0,AAPL,0.0007871208147696152,187.08977355957032,188.3295471191406,186.24729690551757,0.009236297825481738,0.0098724365234375,0.00662517566753662,0.008128311778930626,0.0005245241382434429,-0.04907291676096862,191.4842834472656,1
2023-07-17,191.4842834472656,191.81002272437505,189.33243414864157,189.42126802557277,50520200.0,AAPL,0.017305713519293553,188.15188293457032,188.3315216064453,186.6411445617676,0.009653464009933787,5.310546875,0.21395514246855796,0.012938861253413526,0.28524683302677545,0.0731873744389681,191.2276306152344,0
2023-07-18,191.2276306152344,191.8198865800326,189.93455398917624,190.852549228444,48288200.0,AAPL,-0.0013403336681774292,189.26728515625,188.45688171386718,187.07595520019532,0.009507982663765098,5.5770111083984375,-0.04418034766291501,0.009859101348433312,0.30040358191172567,0.19539164635891484,192.5799560546875,1
2023-07-19,192.5799560546875,195.66951651285703,190.1615899429346,190.60578947313948,80507300.0,AAPL,0.007071809837847498,190.31951904296875,188.82901458740236,187.57393951416014,0.009553155145576446,5.261169433593778,0.6672251191802552,0.02860072607119263,0.2808671531828799,0.28883918937379366,190.6353912353516,0
2023-07-20,190.6353912353516,193.9322456468904,190.01352397351403,192.57006595398724,59581200.0,AAPL,-0.010097441390960249,190.83082885742186,188.95931396484377,188.02651748657226,0.009805095038788795,2.556549072265625,-0.25992798168613285,0.0205561079083079,0.13592964752775272,0.23906679420745278,189.46075439453125,0
2023-07-21,189.46075439453125,192.4516153262713,188.7599186858544,191.59285775033445,71951700.0,AAPL,-0.006161693446366301,191.07760314941407,189.08368835449218,188.27032852172852,0.009398667011267558,1.2338714599609375,0.20762421703490364,0.01948528418043437,0.06555235047853714,0.16078305039638993,190.26028442382807,1
2023-07-24,190.26028442382807,192.3923877240068,189.766742829992,190.9117629424984,45377800.0,AAPL,0.004220029799057334,190.83280334472656,189.49234313964843,188.5699089050293,0.009390687715562854,-1.2239990234375284,-0.3693297031202877,0.01380027840264255,-0.06392164418938417,0.04585345127230189,191.1190490722656,1
2023-07-25,191.1190490722656,191.928464545818,190.4280938275836,190.83280156435973,37283200.0,AAPL,0.004513630635201382,190.81108703613282,190.0391860961914,188.98201522827148,0.009153417326164098,-0.10858154296880684,-0.1783823808117626,0.00785045093891753,-0.005678130436457263,-0.0013491413824347671,191.9876708984375,1
2023-07-26,191.9876708984375,193.112945076557,190.82292002182845,191.16839008411552,47471900.0,AAPL,0.004544925429403213,190.6926300048828,190.50607452392578,189.29985504150392,0.008667856499901486,-0.59228515625,0.2732785812376619,0.011927979770846748,-0.030755285668556676,-0.03345168676479937,190.72422790527344,0
2023-07-27,190.72422790527344,194.6528150463848,190.06288393124004,193.48806403406496,47460200.0,AAPL,-0.0065808548395402955,190.71039733886718,190.77061309814454,189.49579010009765,0.008786516604888056,0.08883666992184658,-0.0002464615909621992,0.02406579995397562,0.00466003029899964,-0.010591128602004765,193.30050659179688,1
2023-07-28,193.30050659179688,194.09017617119656,191.63233355900985,192.15548645475204,48291400.0,AAPL,0.01350787319900948,191.4783477783203,191.2779754638672,189.80376129150392,0.009216838397627793,3.839752197265625,0.01751362194006778,0.012715137976213734,0.20266741835460955,0.05885738766168417,193.9125061035156,1
2023-07-31,193.9125061035156,193.9519978690126,192.73787459795656,193.52754422924545,38824100.0,AAPL,0.003166052290856758,192.2087921142578,191.5207977294922,189.92615966796876,0.007734690998606849,3.6522216796875284,-0.19604525857606114,0.00626119117045444,0.19195922526593856,0.1330955579731826,193.08334350585935,0
2023-08-01,193.08334350585935,194.1888718595327,192.75760424557475,193.7052107356477,35175100.0,AAPL,-0.004275962465327687,192.60165100097657,191.70636901855468,190.08162536621094,0.007571034942501894,1.96429443359375,-0.09398801260042089,0.0074126933373437716,0.10277857927448286,0.16580174096501032,190.0924530029297,0
2023-08-02,190.0924530029297,192.65885986117044,189.3718866034585,192.52066883850893,50389300.0,AAPL,-0.015490152846037164,192.222607421875,191.4576187133789,190.14331665039063,0.008291026896155391,-1.8952178955078125,0.43252755500339735,0.017291445324561498,-0.0987156043218207,0.06534073340620024,188.70069885253903,0
2023-08-03,188.70069885253903,189.885195713569,188.22690312046603,189.09554118067888,61235200.0,AAPL,-0.007321459260506313,191.81790161132812,191.26414947509764,190.1117317199707,0.00844675052539892,-2.0235290527344034,0.21524212481618132,0.008787951518922834,-0.10609711597518778,-0.03401138034084187,179.63926696777344,0
2023-08-04,179.63926696777344,184.9596445164711,179.57016391801557,183.12366926443607,115956800.0,AAPL,-0.04802012891243557,189.08565368652344,190.28200073242186,189.682844543457,0.013624403606937039,-13.661239624023438,0.8936298076923077,0.030001684428062,-0.7067358417674829,-0.3038495206881638,176.5398406982422,0
2023-08-07,176.5398406982422,180.7645556934903,175.0592158617292,179.77747246914834,97576100.0,AAPL,-0.01725361231899969,185.61112060546876,188.9099563598633,189.20114974975584,0.013909471798527069,-17.37266540527341,-0.15851334290011454,0.0323175766398996,-0.8959022682115936,-0.5695784086514214,177.47756958007812,1
2023-08-08,177.47756958007812,177.94149990785485,175.2862435821482,177.3689898212007,67823000.0,AAPL,0.005311712518415446,182.4899658203125,187.54580841064453,188.79249725341793,0.014019893884535764,-15.605773925781222,-0.3049220044662576,0.014961081177689918,-0.8082402988483384,-0.8036261362758049,175.8883514404297,0
2023-08-09,175.8883514404297,178.59294967088076,174.72358547458126,178.53372709089916,60378500.0,AAPL,-0.008954473195731838,179.6491455078125,185.93587646484374,188.22097549438473,0.013842487864242074,-14.2041015625,-0.10976364949943229,0.021998979265036696,-0.7472206990921981,-0.8171210887173768,175.6711883544922,0
2023-08-10,175.6711883544922,178.41527829006225,175.30597241092943,177.1616784798233,54686900.0,AAPL,-0.001234664400223462,177.04324340820312,184.43057250976562,187.60059280395507,0.013749732225673496,-13.029510498046847,-0.09426534279586274,0.01769957787761108,-0.690485545484324,-0.7486488478082869,175.73049926757812,1
2023-08-11,175.73049926757812,176.5508864753638,174.5048729038775,175.2659575562626,52036700.0,AAPL,0.0003376245908137676,176.26148986816406,182.67357177734374,186.97577362060545,0.013743039716546815,-3.9087677001953125,-0.04846133169003908,0.011642905357998851,-0.21758982688882433,-0.5517653571551154,177.38116455078125,1
2023-08-14,177.38116455078125,177.60849603671858,175.2560608313475,175.90841909398483,43675600.0,AAPL,0.009393163338651478,176.42975463867188,181.02043762207032,186.27061767578124,0.013221489013262252,0.8413238525390625,-0.16067698374416517,0.013262034959171876,0.04765631651254987,-0.2868063519535328,175.39443969726562,0
2023-08-15,175.39443969726562,177.40092323969566,174.99907927707545,176.8078826094104,43622600.0,AAPL,-0.011200314636263808,176.01312866210938,179.25154724121094,185.47895812988278,0.013311092994723559,-2.0831298828125,-0.0012134922015953897,0.013693957270058486,-0.11737426243447535,-0.09576925760358328,174.52462768554688,0
2023-08-16,174.52462768554688,176.471793411816,174.45543132326716,175.07813825565708,46964900.0,AAPL,-0.004959176660446429,175.74038391113282,177.69476470947265,184.57619171142576,0.013042791538386394,-1.3637237548828125,0.07661854176504845,0.011553453030032329,-0.07753348892718948,-0.04908381161637165,171.98439025878906,0
2023-08-17,171.98439025878906,175.4537251155125,171.47040969711574,175.08801600845376,66062900.0,AAPL,-0.014555180322944117,175.00302429199218,176.02313385009765,183.64364166259764,0.013175003300090252,-3.686798095703125,0.40664411081467233,0.02316091252469463,-0.20986925233655418,-0.13492566789940633,172.46871948242188,1
2023-08-18,172.46871948242188,173.0716538674228,169.96802811890126,170.30408595131965,61172200.0,AAPL,0.0028161231545724696,174.35066833496094,175.3060791015625,182.79403991699218,0.013287617635413624,-3.26177978515625,-0.07403096140193666,0.017995296525860013,-0.18561261697604747,-0.15767178607993038,173.8031005859375,1
2023-08-21,173.8031005859375,174.08974972921308,171.7274356199635,173.04203097276417,46311900.0,AAPL,0.007736945618429303,173.6350555419922,175.03240509033202,181.97118072509764,0.01343298373295104,-3.57806396484375,-0.24292570808308345,0.013591898540852139,-0.2017161164718484,-0.19906599526148336,175.17697143554688,1
2023-08-22,175.17697143554688,175.62175563939851,174.2083279343983,175.0089425177377,42038900.0,AAPL,0.007904754546827375,173.59156188964843,174.8023452758789,181.1740768432617,0.013572438812151456,-0.21746826171875,-0.0922657027675392,0.0080685702773452,-0.01239881162105827,-0.1332425150229847,179.02194213867188,1
2023-08-23,179.02194213867188,179.44696895877536,176.2642675025049,176.45206899868776,52722800.0,AAPL,0.021949064832072818,174.49102478027345,175.11570434570314,180.52579040527343,0.014679248843752657,4.497314453125,0.25414318642971145,0.017778275770269008,0.2576893881835485,0.014524820030213936,174.3368377685547,0
2023-08-24,174.3368377685547,179.0021629998802,173.97111355320405,178.57713623123834,54945800.0,AAPL,-0.026170559397060256,174.96151428222657,174.98226928710938,179.70642089843747,0.015532415318323655,2.352447509765625,0.04216392149127124,0.028858212131593484,0.13678261766814082,0.12735773141021034,176.54100036621094,1
2023-08-25,176.54100036621094,177.0747384245456,173.78332608108835,175.3252527852027,51449600.0,AAPL,0.012643125950135836,175.77597045898438,175.06331939697264,178.8684455871582,0.015481161522508637,4.0722808837890625,-0.06362997717750951,0.018643897659068657,0.23611707073665,0.21019635886277976,178.10272216796875,1
2023-08-28,178.10272216796875,178.49808262553688,176.48172016068384,178.00387451255935,43820700.0,AAPL,0.008846227213611835,176.63589477539062,175.1354751586914,178.07795639038085,0.015678288128699605,4.29962158203125,-0.14827909254882443,0.01132134557130134,0.24738463051211745,0.20676143963896942,181.9871826171875,1
2023-08-29,181.9871826171875,182.7581460326424,177.4207046822572,177.61838490226515,53003900.0,AAPL,0.021810225031570818,177.99793701171876,175.79474945068358,177.52314834594728,0.016715807721240043,6.810211181640625,0.20956306038013994,0.02932866630290434,0.388761783345839,0.2907544948648688,185.47630310058597,1
2023-08-30,185.47630310058597,185.6739984160231,182.60002327821,182.7977035116121,60813900.0,AAPL,0.01917234188265815,179.28880920410157,176.8899169921875,177.29234085083007,0.017124988680824654,6.454360961914091,0.14734764800326006,0.016573411731988504,0.3605346297111711,0.33222701452304254,185.69374084472656,1
2023-08-31,185.69374084472656,186.9292610559829,185.30825914209595,185.66408956621916,60794500.0,AAPL,0.0011723208868503754,181.56018981933593,178.26085205078124,177.14199295043946,0.017067475006439497,11.356903076171875,-0.0003190060167165276,0.00872943754869149,0.6514345001054234,0.4669103043874778,187.26531982421875,1
2023-09-01,187.26531982421875,187.7199827815663,186.09898099052413,187.29497110047916,45766500.0,AAPL,0.008463284612303168,183.7050537109375,179.74051208496093,177.5232955932617,0.013009544660855556,10.724319458007812,-0.24719341387790017,0.008656177195883194,0.6074690545403971,0.5398127281189972,187.5025329589844,1
2023-09-05,187.5025329589844,187.77928826308653,185.4367469097816,186.09898389331408,45280000.0,AAPL,0.001266722183201452,185.58501586914062,181.11045532226564,178.07143020629886,0.012188049950921499,9.399810791015653,-0.010630045994340809,0.012493385109722019,0.5277746839911113,0.5955594128789773,180.79119873046875,0
2023-09-06,180.79119873046875,186.6623929808804,179.3678770840619,186.2175936548533,81755800.0,AAPL,-0.03579329901630579,185.34581909179687,181.6718780517578,178.23711166381838,0.014946761615018874,-1.19598388671875,0.8055609540636042,0.04034773787685041,-0.06571802857317288,0.35650856998611186,175.503173828125,0
2023-09-07,175.503173828125,176.1456533918577,171.52973657694065,173.15073850258275,112488800.0,AAPL,-0.0292493491910929,183.3511932373047,181.32000122070312,178.21785278320314,0.01628908735939696,-9.973129272460966,0.37591216769941704,0.026301044671918863,-0.5377036907540922,-0.0252156784453846,176.11598205566406,1
2023-09-08,176.11598205566406,178.15213198996554,175.7305003611282,176.2840260730559,65551300.0,AAPL,0.0034917216262948525,181.43564147949218,181.49791564941407,178.24009246826174,0.016304243280350596,-9.5777587890625,-0.41726376314797564,0.013750209382314546,-0.5157825323294674,-0.3730680838855775,177.28231811523438,1
2023-09-11,177.28231811523438,178.21143169284028,175.28571330476424,177.98410020535158,58953100.0,AAPL,0.006622545245221767,179.4390411376953,181.5720474243164,178.31768341064455,0.016366393125646646,-9.983001708984375,-0.10065704265209086,0.01650315958850619,-0.5330939929697165,-0.5288600720177586,174.2577667236328,0
2023-09-12,174.2577667236328,178.043402311121,172.79491507430097,177.4108165912451,90370200.0,AAPL,-0.01706064893417958,176.790087890625,181.18755187988282,178.16151351928713,0.016681560917326876,-13.244766235351591,0.5329168440675724,0.03011910077525538,-0.7063779900108791,-0.5850848384366877,172.19198608398438,0
2023-09-13,172.19198608398438,175.24618840249718,171.96463950783718,174.46533118918654,84267900.0,AAPL,-0.011854740701025435,175.07024536132812,180.2080322265625,178.00139083862308,0.016703755802261976,-8.599212646484375,-0.06752557812199156,0.019057500696109477,-0.4756433226212775,-0.5717051018672911,173.7042236328125,1
2023-09-14,173.7042236328125,174.0600539763531,171.569241571569,171.9843744586946,60895800.0,AAPL,0.00878227601190762,174.71045532226563,179.03082427978515,177.96037063598635,0.016805429395434526,-1.7989501953125,-0.2773547222607897,0.014339388834029382,-0.10250243092892797,-0.42817458118702817,172.98272705078125,0
2023-09-15,172.98272705078125,174.45547273170345,171.80652435113169,174.43570018321154,109259500.0,AAPL,-0.004153592623955982,174.08380432128905,177.7597229003906,178.01028747558595,0.01649258645809792,-3.1332550048828125,0.794204197990666,0.015313369292612289,-0.17790861273978553,-0.2520181220966637,175.90841674804688,1
2023-09-18,175.90841674804688,177.30208708635865,174.1292647291417,174.43567131089117,67257600.0,AAPL,0.01691318981464973,173.80902404785155,176.62403259277343,178.18227233886722,0.016896677737028187,-1.3739013671875,-0.3844233224570861,0.018036785367475442,-0.07749793559752804,-0.11930299308874719,176.99569702148438,1
2023-09-19,176.99569702148438,177.54920768301113,175.07816717117066,175.4636488877364,51826900.0,AAPL,0.006180945139167449,174.3566101074219,175.57334899902344,178.34190216064457,0.016868187425782333,2.7379302978515625,-0.2294268603102103,0.013961020258817519,0.15711955623727514,-0.03276233070001281,173.45713806152344,0
2023-09-20,173.45713806152344,177.61836118650515,173.36816915467014,177.18345571133617,58436200.0,AAPL,-0.019992344557005937,174.6096405029297,174.8399429321289,178.25591049194338,0.017415785940230563,1.2651519775390625,0.12752643897281146,0.024502837296482515,0.07347333672787837,0.051031652455875154,171.9152069091797,0
2023-09-21,171.9152069091797,174.25776334751873,171.846025624082,172.5280351536478,63149100.0,AAPL,-0.008889407317425269,174.25183715820313,174.48114624023438,177.90057373046878,0.016687730588083014,-1.7890167236328125,0.08065035029656276,0.014028646835825465,-0.10299212570757943,0.042533589085858026,172.76524353027344,1
2023-09-22,172.76524353027344,175.0287248458324,172.03382526857388,172.6466384244914,56725400.0,AAPL,0.004944510938714286,174.20834045410157,174.1460723876953,177.8219940185547,0.015727751579494912,-0.2174835205078125,-0.10172274822602378,0.017335081501700978,-0.012572557053280864,-0.014030448677660642,174.04029846191406,1
2023-09-25,174.04029846191406,174.91998813589507,172.13264765845275,172.18207147695253,46172700.0,AAPL,0.0073802745597797426,173.834716796875,173.82187042236328,177.69695892333988,0.01554213035316645,-1.8681182861328125,-0.1860313016743822,0.016015488953279856,-0.1061983457453608,-0.0739210095020737,169.9680633544922,0
2023-09-26,169.9680633544922,173.17052232124786,169.6715354659317,172.79493440563715,64588900.0,AAPL,-0.023398231004028158,172.42919006347657,173.3929000854492,177.29022598266604,0.016170657191341864,-7.0276336669921875,0.3988547345076203,0.020586142986276985,-0.39705110266828436,-0.17194066848897535,168.4557342529297,0
2023-09-27,168.4557342529297,171.03550065621633,167.09173040755883,170.62036773962245,66921800.0,AAPL,-0.008897725088555797,171.4289093017578,173.01927490234374,176.61365356445316,0.015198589486314843,-5.00140380859375,0.03611920933782731,0.02341131494364023,-0.2883365806957916,-0.2638620097031456,168.7127685546875,1
2023-09-28,168.7127685546875,170.03724268196555,165.6783234920371,167.37840061261642,56294400.0,AAPL,0.001525826965153243,170.78842163085938,172.52012939453124,175.7754768371582,0.014282771753976938,-3.2024383544921875,-0.1588032599242698,0.02583633252699266,-0.18628010936717176,-0.2905559309104159,169.2267303466797,1
2023-09-29,169.2267303466797,171.06518493104676,168.36679806748614,170.0273449898337,51861100.0,AAPL,0.0030463716314725886,170.08071899414062,172.1445297241211,174.95212631225587,0.014328895701978915,-3.53851318359375,-0.07875206059572537,0.015945393839570558,-0.20481626461943403,-0.22647765156079913,171.7373046875,1
2023-10-02,171.7373046875,172.28093658205415,168.9499639274405,169.23661305458424,52164500.0,AAPL,0.014835566081535356,169.6201202392578,171.7274185180664,174.17572555541992,0.014699163715497933,-2.3029937744140625,0.00585024228178721,0.01939574317108805,-0.13232531745617782,-0.17447389714759454,170.40292358398438,0
2023-10-03,170.40292358398438,171.61868620307462,168.84123947337378,170.26454593815689,49594600.0,AAPL,-0.007769896621725336,169.70709228515625,171.0681411743164,173.32074508666992,0.014660631862448672,0.4348602294921875,-0.049265304948767796,0.016299290360073874,0.025584819930861702,-0.10385225404825005,171.64834594726562,1
2023-10-04,171.64834594726562,172.19197782627828,168.9895041879398,169.10810929534875,53020300.0,AAPL,0.0073086912893687295,170.34561462402343,170.88726196289062,172.86360244750978,0.012907388353519095,3.1926116943359375,0.06907405241699704,0.01865717738592345,0.18952229251764985,0.027593931664111244,172.88385009765625,1
2023-10-05,172.88385009765625,173.4175881136583,170.6796715086417,171.77681389678688,48527900.0,AAPL,0.007197879732381507,171.1798309326172,170.98412628173827,172.73263626098634,0.011421049123538377,4.17108154296875,-0.0847298110346415,0.015836740120433755,0.24722974904040518,0.15411228716297223,175.4340057373047,1
2023-10-06,175.4340057373047,175.92821386257307,171.17391902858174,171.78674735969838,57266700.0,AAPL,0.01475068745986352,172.4212860107422,171.2510025024414,172.69853744506835,0.01190519975052367,6.207275390625,0.1800778521221813,0.027100189692472913,0.3668022999622278,0.2678514471734276,176.9166259765625,1
2023-10-09,176.9166259765625,176.97592853708252,173.7635757979471,174.76187075811515,42390800.0,AAPL,0.008451156507695012,173.4571502685547,171.53863525390625,172.68025283813478,0.01196662206900723,5.1793212890625,-0.2597652737105508,0.01815743840582273,0.3015839394060005,0.3052053294695445,176.32357788085938,0
2023-10-10,176.32357788085938,177.63817333039142,175.88867230873925,176.03694379852678,43698000.0,AAPL,-0.003352133200763663,174.6412811279297,172.17418670654297,172.7835433959961,0.0113149510545646,5.920654296875,0.030836879700312236,0.009922104818190025,0.34745027681153395,0.3386121720599207,177.71722412109375,1
2023-10-11,177.71722412109375,177.76664794425923,175.54271164011269,176.13575227199846,47551100.0,AAPL,0.00790391311805183,175.8550567626953,173.10033569335937,173.05980529785157,0.011024485523268896,6.068878173828125,0.08817566021328216,0.012513904125754252,0.3535646172607243,0.3341996111594196,178.61669921875,1
2023-10-12,178.61669921875,180.2278073787141,176.96603088257305,177.98411345020415,56743100.0,AAPL,0.005061271365815134,177.00162658691406,174.09072875976562,173.30542907714843,0.010928560156571166,5.73284912109375,0.19330783094397397,0.018261318848728558,0.3316011945508768,0.34420536287437836,176.7782440185547,0
2023-10-13,176.7782440185547,179.82255265296823,176.0764618780152,179.31846581874476,51427100.0,AAPL,-0.010292739750742852,177.27047424316407,174.84588012695312,173.4952049255371,0.01117768258364686,1.34423828125,-0.09368539963449296,0.021190903868011198,0.07662358706343797,0.253929799625013,176.64974975585938,0
2023-10-16,176.64974975585938,177.00558020178707,174.46534325240765,174.70256857703768,52517000.0,AAPL,-0.0007268669479589818,177.21709899902345,175.33712463378907,173.53227157592772,0.010546125350571261,-0.266876220703125,0.021193106358320835,0.014380076693514598,-0.015084858148859404,0.13104664115515177,175.09793090820312,0
2023-10-17,175.09793090820312,176.35322375615226,172.77516179309222,174.60372278813253,57549400.0,AAPL,-0.008784721460409428,176.9719696044922,175.80662536621094,173.43738327026367,0.010634716404917775,-1.22564697265625,0.0958242093036541,0.02043463303364717,-0.06951123538817994,-0.0026575021578671234,173.8031005859375,0
2023-10-18,173.8031005859375,175.5229501994882,173.08156098457755,173.5461178040648,54764400.0,AAPL,-0.007394892192897795,176.18914489746095,176.02210083007813,173.45468139648438,0.009755212831753244,-3.91412353515625,-0.0483932065321272,0.014046868017199178,-0.22024446727173852,-0.10161352026959262,173.427490234375,0
2023-10-19,173.427490234375,175.7799102245973,173.16061367257353,174.0007582826414,59302900.0,AAPL,-0.0021611257238577375,175.15130310058595,176.07646484375,173.53029556274413,0.009540919888973931,-5.189208984375,0.08287318038725888,0.015103122051088758,-0.29052205124560193,-0.1934259179685068,170.87738037109375,0
2023-10-20,170.87738037109375,173.38795063159753,170.64015507731645,173.2792242572037,64244000.0,AAPL,-0.014704184785439445,173.97113037109375,175.6208023071289,173.43590240478517,0.010054934896786102,-5.9008636474609375,0.08331970274640876,0.016080510763412374,-0.333800331608769,-0.28152228337536983,170.99598693847656,1
2023-10-23,170.99598693847656,171.99428177951037,167.96154224302492,168.93020088937016,55980100.0,AAPL,0.000694103380595168,172.8403778076172,175.02873840332032,173.28368682861327,0.009888884115260232,-5.6537628173828125,-0.12863302409563537,0.023583825613032714,-0.32005495763207437,-0.3147924468288151,171.430908203125,1
2023-10-24,171.430908203125,171.6582397062376,169.46395453488128,171.04542648826694,43816600.0,AAPL,0.0025434588988624274,172.10697326660156,174.5394714355469,173.35682907104493,0.008356198034445372,-3.667022705078125,-0.21728257005614493,0.012799822356166654,-0.20942695816323464,-0.2877607491346927,169.1179962158203,0
2023-10-25,169.1179962158203,171.05528327402416,168.6731969171006,169.88895954662036,57157000.0,AAPL,-0.013491802683353704,171.16995239257812,173.67954864501954,173.38994216918945,0.008683745499945605,-4.6851043701171875,0.30445995353359234,0.014085351117119792,-0.26956391193956986,-0.2663486092449596,164.95677185058594,0
2023-10-26,164.95677185058594,169.39476582537458,163.75090293239452,168.3964558542296,70625300.0,AAPL,-0.024605449794497414,169.4758087158203,172.3135559082031,173.20214233398437,0.010295184097507437,-8.470718383789062,0.23563692985985973,0.03421419338935739,-0.48842996991661947,-0.322473613339808,166.2713623046875,1
2023-10-27,166.2713623046875,167.00279566914165,164.89746448966903,164.97653958977486,58499100.0,AAPL,0.007969302741279938,168.55460510253906,171.26286773681642,173.05437393188475,0.010456483433892175,-4.60601806640625,-0.17169767774437772,0.01266201918532823,-0.269551069685372,-0.3425149838471871,168.31736755371094,1
2023-10-30,168.31736755371094,169.18717852998205,166.91381853056686,167.06208999172168,51131000.0,AAPL,0.012305217330656149,168.01888122558594,170.42962951660155,172.8833770751953,0.010270639970886378,-2.678619384765625,-0.1259523650791209,0.01350638993738867,-0.15664808471378744,-0.3048763747719263,168.7918243408203,1
2023-10-31,168.7918243408203,168.92030818010912,165.9550598323106,167.38827526603964,44846000.0,AAPL,0.002818822525595621,167.491064453125,169.79901885986328,172.8028221130371,0.010173302925785112,-2.6390838623046875,-0.12291955956269196,0.01756748799521919,-0.1539444601890394,-0.19338120486273294,171.95477294921875,1
2023-11-01,171.95477294921875,172.21175573979943,168.1493644262673,169.01917553597846,56934900.0,AAPL,0.01873875479899967,168.05841979980468,169.61418609619142,172.81814346313476,0.01092400474477593,2.8367767333984375,0.26956473264059233,0.0236247662327571,0.1677394953153466,-0.047617683195826745,175.5130615234375,1
2023-11-02,175.5130615234375,175.7206204672586,173.42750286114074,173.4868054165182,77334800.0,AAPL,0.020693165494566346,170.169677734375,169.82274322509767,172.94960403442383,0.011766799188819458,10.556289672851562,0.3583022012860302,0.013065224811269436,0.6399427895214393,0.21791260821591552,174.6037139892578,0
2023-11-03,174.6037139892578,174.77175801380423,171.34195262679097,172.2216424329047,79829200.0,AAPL,-0.005181081831099221,171.83614807128907,170.19537658691405,172.9080894470215,0.011362011089498993,8.332351684570312,0.032254560689366274,0.019643370170374916,0.5011296935969956,0.43627065947792715,177.15380859375,1
2023-11-06,177.15380859375,177.35148879200258,174.16880291146146,174.33683183407777,63841300.0,AAPL,0.014605042162213477,173.6034362792969,170.8111587524414,172.91994857788086,0.011686622855820427,8.836441040039062,-0.2002763399858698,0.017965664446084138,0.524986884506693,0.5553531225417093,179.71383666992188,1
2023-11-07,179.71383666992188,180.32664987384885,176.89684453064555,177.10440348202485,70530000.0,AAPL,0.014450878005352719,175.7878387451172,171.6394515991211,173.08946151733397,0.012078717930253042,10.922012329101562,0.10477073618488353,0.019084815096918655,0.6470699852765449,0.5577288544600778,180.7713928222656,1
2023-11-08,180.7713928222656,181.3249033421513,179.4864490685135,180.23765484438456,49340300.0,AAPL,0.005884667379763897,177.55116271972656,172.80479125976564,173.24216995239257,0.01202649326132077,8.816619873046847,-0.3004352757691763,0.010170050940777713,0.5127289997149753,0.5615952898327378,180.29698181152344,0
2023-11-09,180.29698181152344,181.9871648721256,179.7039261272927,180.84061367506283,53763500.0,AAPL,-0.0026243699477859206,178.50794677734376,174.33881225585938,173.32618408203126,0.012010017765977753,4.7839202880859375,0.08964679987758495,0.012663765759649316,0.2725677648467828,0.4774555832794343,184.4834747314453,1
2023-11-10,184.4834747314453,184.65174012268164,181.6429882023789,182.07846664625703,66133400.0,AAPL,0.02321998337331177,180.48389892578126,176.16002349853517,173.7114456176758,0.012735491557542269,9.8797607421875,0.23007988691212433,0.016309059251418758,0.5658390945106317,0.4503786196907966,182.8999481201172,0
2023-11-13,182.8999481201172,184.11729742228064,182.31601793716675,183.9094650326421,43627500.0,AAPL,-0.008583568873218983,181.63312683105468,177.61828155517577,174.02395553588866,0.012950289840624225,5.7461395263671875,-0.3403106448481402,0.00984844174986276,0.3243587914919899,0.3875885502831348,185.5127868652344,1
2023-11-14,185.5127868652344,186.17589626502485,184.38450869065176,185.7701081675421,60108400.0,AAPL,0.014285617748788448,182.79291687011718,179.29037780761718,174.54469833374023,0.012983446162524278,5.798950195312528,0.37776402498424155,0.00965641023804166,0.322676890258784,0.4042915920871352,186.07693481445312,1
2023-11-15,186.07693481445312,187.55162053928348,185.84930383072196,185.9185913616288,53790500.0,AAPL,0.00304101921356259,183.8540252685547,180.7025939941406,175.15839004516602,0.012752483737340115,5.305541992187528,-0.10510843742305565,0.009148456310606035,0.2934945573719139,0.31351007970756256,187.7594757080078,1
2023-11-16,187.7594757080078,188.9966236513369,186.7103615664657,187.6209157424311,54412900.0,AAPL,0.009042178683953628,185.34652404785157,181.92723541259767,175.87498931884767,0.012737008772170554,7.462493896484375,0.01157081640810187,0.012176547022461084,0.41390010090603946,0.3433571828455791,187.7396697998047,0
2023-11-17,187.7396697998047,188.42257785422723,186.63119011836693,188.29390964052357,50922700.0,AAPL,-0.00010548553210665279,185.99776306152344,183.24083099365234,176.7181037902832,0.012002500663757833,3.256195068359375,-0.06414287788373718,0.009541871133418606,0.17650334660594735,0.2946326682946336,189.4815673828125,1
2023-11-20,189.4815673828125,189.93684445013847,187.92771748948172,187.93760923589429,46505100.0,AAPL,0.009278260608774236,187.3140869140625,184.4736068725586,177.6423828125,0.012001994572266018,6.5816192626953125,-0.0867510952875633,0.010603284469341938,0.35984806613356346,0.3167505045485168,188.6798858642578,0
2023-11-21,188.6798858642578,189.55084275358135,187.78914548337832,189.44197314241592,38134500.0,AAPL,-0.0042309208733483095,187.9475067138672,185.37021179199218,178.50483169555665,0.012175672148747992,3.167098999023409,-0.17999316204029236,0.0093369638323316,0.1707213315340983,0.2356909147578697,189.34298706054688,1
2023-11-22,189.34298706054688,190.94632571731435,188.8679265514864,189.52114419013287,39617700.0,AAPL,0.0035144244085780763,188.60071716308593,186.2273712158203,179.51608123779297,0.011394196565435173,3.26605224609375,0.03889391495889538,0.010976900692727233,0.17552160612224643,0.2353636679299694,188.01678466796875,0
2023-11-24,188.01678466796875,188.93721542830764,187.3041862913633,188.9075250877743,24048300.0,AAPL,-0.007004232969843427,188.6521789550781,186.99935150146484,180.6690818786621,0.00944040774716697,0.2573089599609375,-0.39299101159330296,0.0086855497493387,0.013704179721991672,0.11998237245944547,187.838623046875,0
2023-11-27,187.838623046875,188.7095799535061,186.95777439426936,187.9672912540552,40552600.0,AAPL,-0.0009475835969027235,188.67196960449218,187.33486633300782,181.7474449157715,0.009582124487670162,0.0989532470703125,0.6862979919578516,0.009326120106830113,0.0052707692080122825,0.06483218501741679,188.44235229492188,1
2023-11-28,188.44235229492188,189.1153685705385,187.4526340263521,187.8287318010173,38415400.0,AAPL,0.0032140847193935507,188.46412658691406,187.88910675048828,182.75369415283203,0.00949046082548092,-1.039215087890625,-0.0527019229346577,0.008823571367779056,-0.05484518110360992,-0.011956744057868654,187.42295837402344,0
2023-11-29,187.42295837402344,190.11499348364924,187.02707707633283,188.93722623545,43014200.0,AAPL,-0.005409579685691002,188.21274108886718,188.0801239013672,183.68525085449218,0.00979563426623958,-1.256927490234375,0.11971240700344143,0.01647565716657898,-0.06661693081257414,-0.03873044756939059,187.9969940185547,1
2023-11-30,187.9969940185547,188.36320007044645,186.2550951920731,187.88812439803064,48794400.0,AAPL,0.003062781899887179,187.94354248046875,188.27212982177736,184.48736190795898,0.009276644764984835,-1.3459930419921875,0.13437887953280536,0.011213503116785423,-0.0710875571832914,-0.06418322303315849,189.2737274169922,1
2023-12-01,189.2737274169922,189.5904294104457,187.2843840288066,188.37308016671423,45704800.0,AAPL,0.006791243685053239,188.19493103027344,188.42355499267578,185.1753952026367,0.00848751411253517,1.2569427490234375,-0.06331874149492567,0.01218365281388786,0.06685268824499602,-0.023617266583623175,187.4823455810547,0
2023-12-04,187.4823455810547,188.0959812462982,185.5227074160739,188.0266937107449,43389500.0,AAPL,-0.009464503396136359,188.12367553710936,188.39782257080077,185.81932678222657,0.008775623523029357,-0.3562774658203125,-0.0506576989725368,0.01372541943748938,-0.018967210259596134,-0.007734026399297174,191.4313201904297,1
2023-12-05,191.4313201904297,192.40123993854132,188.22462732075607,188.25433276481263,66628400.0,AAPL,0.021063181160530853,188.72146911621093,188.5927978515625,186.53320236206054,0.009304705334364912,2.9889678955078125,0.5355881031125043,0.021817812328883766,0.15861444410489645,0.06883330736343211,190.34263610839844,0
2023-12-06,190.34263610839844,192.7575361433548,190.1347886146608,192.45072587794945,41089700.0,AAPL,-0.005687073990547908,189.30540466308594,188.75907287597656,187.06464233398438,0.009194535386483363,2.919677734375,-0.3833005144953203,0.013779085875433398,0.15578015413397095,0.09847579599309042,192.2725830078125,1
2023-12-07,192.2725830078125,192.99507315570867,191.5995666945876,191.63916388460837,47477700.0,AAPL,0.010139330519279843,190.1605224609375,189.05203247070312,187.63970184326172,0.009315239314549464,4.2755889892578125,0.15546475150706862,0.007257958671436636,0.22742858265254018,0.18060772696380253,193.6977996826172,1
2023-12-08,193.6977996826172,193.97491963358075,191.678765637706,192.203315195023,53406400.0,AAPL,0.007412479993295751,191.0453369140625,189.62013397216796,188.30974273681642,0.009259121141291201,4.424072265625,0.12487336159923501,0.011854311198357004,0.23373937450274163,0.20564937042975093,191.1938018798828,0
2023-12-11,191.1938018798828,191.50062728331056,189.45190285406375,191.12452944175104,60943700.0,AAPL,-0.01292734252447525,191.78762817382812,189.95565185546874,188.64525909423827,0.00874810116523131,3.711456298828125,0.14113102549507173,0.010715433288647743,0.19796297551779585,0.21971031089102588,192.7080535888672,1
2023-12-12,192.7080535888672,192.71794533501543,189.748790485074,191.09480795445688,52696900.0,AAPL,0.007919983253095841,192.04297485351563,190.3822219848633,189.1356643676758,0.008489232347874508,1.2767333984375,-0.13531833479096278,0.015407528614636724,0.06669407060283739,0.16613214020779163,195.92465209960935,1
2023-12-13,195.92465209960935,195.96423418895137,192.8466274130704,193.0841501529296,70404200.0,AAPL,0.016691562448161168,193.1593780517578,191.23239135742188,189.65625762939453,0.008677756253716805,5.582015991210909,0.33602166351341345,0.015912274144531648,0.29326146287224963,0.18597283633096096,196.0730743408203,1
2023-12-14,196.0730743408203,197.5675433947849,194.1431268600313,195.98400332676115,66831600.0,AAPL,0.0007575475552483724,193.9194763183594,192.03999938964844,190.15606460571288,0.00868901304354497,3.8004913330078125,-0.05074413174214043,0.017465001486135678,0.1976616360770156,0.18587238985070087,195.53863525390625,0
2023-12-15,195.53863525390625,196.3600880838065,194.97448862167192,195.49903806818725,128538400.0,AAPL,-0.002725713812112174,194.2876434326172,192.66649017333984,190.5450225830078,0.00863202127445057,1.8408355712890625,0.92331771198056,0.00708606491159851,0.09503647301648988,0.19531985732191837,193.87591552734372,0
2023-12-18,193.87591552734372,194.6083124997745,192.39133809002112,194.0738561652729,55751900.0,AAPL,-0.008503279796360896,194.82406616210938,193.30584716796875,190.85183486938473,0.008941950396104698,2.682113647460909,-0.5662626888151712,0.011435017102166642,0.14028245796095185,0.1443268556848191,194.9151306152344,1
2023-12-19,194.9151306152344,194.92502236186388,193.87592334681435,194.1431515248431,40714100.0,AAPL,0.005360207249384352,195.2654815673828,193.65422821044922,191.12351303100587,0.008807882519513375,2.207077026367216,-0.26972713037582574,0.005382337490876854,0.11452956870582565,0.11661616656108913,192.82681274414065,0
2023-12-20,192.82681274414065,195.64750075817216,192.82681274414065,194.87552171417175,52242800.0,AAPL,-0.010713985438186024,194.64591369628906,193.90264587402345,191.330859375,0.00914100798039518,-3.097839355468693,0.28316234424928965,0.014628090221945623,-0.15811381172664896,0.032232738313376176,192.6783599853516,0
2023-12-21,192.6783599853516,195.0536930723937,191.5104995881977,194.08377332368417,46482500.0,AAPL,-0.0007698761218754013,193.96697082519532,193.94322357177734,191.49762802124025,0.009132315686895345,-3.3947143554687216,-0.11026016982244446,0.01838916152527661,-0.17313516233075088,-0.07223980178385807,191.6094970703125,0
2023-12-22,191.6094970703125,193.40088504018271,190.9859696171005,193.173238924369,37149600.0,AAPL,-0.005547394710648135,193.18114318847657,193.73439331054686,191.67726364135743,0.009071449490568973,-3.92913818359375,-0.20078309041036946,0.012603317998356052,-0.2009392250534925,-0.17739606637029745,191.06512451171875,0
2023-12-26,191.06512451171875,191.89648427525853,190.84738527337691,191.6193643540786,28919300.0,AAPL,-0.0028410520716203314,192.61898498535157,193.72152557373047,191.8385887145996,0.009102516418937856,-2.8107910156249716,-0.22154478110127696,0.005490792757509598,-0.14497886485691613,-0.17301775074705317,191.16409301757807,1
2023-12-27,191.16409301757807,191.5105004803971,189.12527563548676,190.5108903848591,48087700.0,AAPL,0.0005179831018990999,191.8687774658203,193.56712951660157,191.97467575073242,0.009086253266447462,-3.7510375976563353,0.6628237889575475,0.012477368564665603,-0.19244465967400703,-0.17945424986147188,191.58966064453125,1
2023-12-28,191.58966064453125,192.65855816674448,191.18387253758047,192.14390044821917,34049900.0,AAPL,0.002226190181615628,191.62134704589843,193.13363037109374,192.18301086425782,0.008973255128802166,-1.2371520996094034,-0.2919208030327922,0.007697104448136658,-0.06415871745237833,-0.13386074732776718,190.5504608154297,0
2023-12-29,190.5504608154297,192.40122918172025,189.758683164504,191.9063700376295,42672100.0,AAPL,-0.005424091392017494,191.19576721191407,192.58136901855468,192.31068420410156,0.009077513215909728,-2.1278991699219034,0.25322247642430673,0.013867959205702867,-0.11043789090189882,-0.1223470893427614,183.7313232421875,0
2024-01-02,183.7313232421875,186.50253778362813,181.99931604152516,185.22579259007347,82488700.0,AAPL,-0.035786518405994894,189.62013244628906,191.4006378173828,192.03356399536133,0.012075019311579406,-7.878173828125,0.933082740244797,0.024509820441270067,-0.4111577948160916,-0.19525146772345625,182.3556060791016,0
2024-01-03,182.3556060791016,183.96885182302103,181.5440297827802,182.3259157367389,58414500.0,AAPL,-0.007487657187732144,187.87822875976562,190.24860687255858,191.77722702026367,0.012013596394425391,-8.709518432617159,-0.29184845924350855,0.013297216863127287,-0.45584030339785864,-0.3258119963719497,180.03964233398438,0
2024-01-04,180.03964233398438,181.20750256721809,179.02023379077144,180.2771650380176,71983600.0,AAPL,-0.012700260742807168,185.65333862304686,188.76105804443358,191.2076431274414,0.011035731377375539,-11.124450683593693,0.23228992801444837,0.012148817605342317,-0.5819320201817801,-0.4829767061319101,179.31715393066406,0
2024-01-05,179.31715393066406,180.8809106532784,178.31754388665928,180.1188384374096,62379700.0,AAPL,-0.004012940672144083,183.19883728027344,187.41009216308595,190.6563690185547,0.011020651459159606,-12.272506713867188,-0.1334178896304158,0.014295156433334202,-0.6405620570849679,-0.5594447935548689,183.65213012695312,1
2024-01-08,183.65213012695312,183.6917273170526,179.63387614033877,180.21780632812883,59144500.0,AAPL,0.02417491077270406,181.8191711425781,186.5074691772461,190.22534637451173,0.012271917935252303,-6.8983306884765625,-0.05186302595235304,0.022095312338107683,-0.36202120209818833,-0.5281717597883121,183.23643493652344,0
2024-01-09,183.23643493652344,183.24632668227045,180.8512103460259,182.0289774717032,42841800.0,AAPL,-0.00226349234360812,181.7201934814453,185.6701629638672,189.70227813720703,0.012061150124914707,-0.4948883056640625,-0.2756418601898739,0.01307117952318956,-0.02693543468424875,-0.3431728979558017,184.275634765625,1
2024-01-10,184.275634765625,184.48346713134,182.02897021466416,182.45455689524945,46792900.0,AAPL,0.005671360226264799,182.10419921875,184.9912139892578,189.35636978149415,0.011947789395538505,1.920028686523409,0.09222535000863652,0.013319704038993848,0.10529035700117317,-0.09455542659375464,183.68182373046875,0
2024-01-11,183.68182373046875,185.1268191566964,181.73207738578324,184.62205313633504,49128400.0,AAPL,-0.0032224066730878187,182.83263549804687,184.24298706054688,188.90505828857422,0.011729824447788138,3.642181396484375,0.04991141818523759,0.01848164234200188,0.20229885758870303,0.09355125996854248,184.00845336914065,1
2024-01-12,184.00845336914065,184.8200297512776,183.285963125415,184.1470133487853,40477800.0,AAPL,0.0017782360390279361,183.7708953857422,183.4848663330078,188.3092483520508,0.01090177648218004,4.691299438476591,-0.17608145186898005,0.008336935601458902,0.26162022626628145,0.1897364802853859,181.7419891357422,0
2024-01-16,181.7419891357422,182.3655014396163,179.06973745492456,180.28710192352952,65603000.0,AAPL,-0.012317174520518837,183.3888671875,182.60401916503906,187.5926940917969,0.011050820008121237,-1.9101409912109375,0.620715552722727,0.018134301271623895,-0.10400864884553829,0.11997014500314873,180.8017425537109,0
2024-01-17,180.8017425537109,181.04917214343425,178.44622312883942,179.40625114511818,47317400.0,AAPL,-0.005173524216954717,182.9019287109375,182.3110610961914,186.8558494567871,0.011052674383821527,-2.4346923828125284,-0.2787311555873969,0.0143967031391944,-0.1328716302331434,0.008246649062533251,186.6905670166016,1
2024-01-18,186.6905670166016,187.1953179109023,183.91935276727983,184.176674087568,78005800.0,AAPL,0.032570617847564654,183.38491516113282,182.74455718994142,186.49658203125003,0.013652970658612307,2.414932250976591,0.6485647985730407,0.017547566521296996,0.13105000311343762,-0.03527675865508136,189.5904235839844,1
2024-01-19,189.5904235839844,189.9764130933981,186.87860527237555,187.3833561379468,68903000.0,AAPL,0.015532957094318123,184.56663513183597,183.69963531494142,186.2303466796875,0.01411534687978278,5.908599853515653,-0.11669388686482285,0.016339474127765114,0.3216758051240731,0.10661805933478911,191.896484375,1
2024-01-22,191.896484375,193.32168117146784,190.2832386815117,190.32283587135973,60133900.0,AAPL,0.01216338223957858,186.1442413330078,184.957568359375,186.18383026123047,0.01423783589351293,7.888031005859347,-0.12726731782360712,0.01583375797556812,0.4286776428708472,0.29380115036945265,193.1732177734375,1
2024-01-23,193.1732177734375,193.73736447446063,191.83710707958323,193.01487431695853,42355600.0,AAPL,0.006653240170583441,188.43048706054688,185.90967712402343,186.20857315063478,0.014317236382768354,11.431228637695312,-0.29564521842089075,0.009837064458418402,0.628981155761279,0.4597782012520664,192.50021362304688,0
2024-01-24,192.50021362304688,194.36088890095837,192.34185506707504,193.41075266703035,53631300.0,AAPL,-0.003483941294491255,190.77018127441409,186.83605499267577,186.25310897827148,0.014280833966112766,11.698471069335966,0.2662150931635958,0.010488475809367105,0.6470330929393953,0.5682306305238405,192.1735992431641,0
2024-01-25,192.1735992431641,194.2520137003454,191.124500268323,193.21280647175476,54822100.0,AAPL,-0.0016966961944383518,191.86678771972657,187.6258514404297,186.30853271484375,0.014269753386565925,5.4830322265625,0.02220345208861252,0.01627441773656455,0.29369626511846825,0.5232368379397142,190.4416046142578,0
2024-01-26,190.4416046142578,192.75754194727924,189.9665440310004,192.2725896171282,44594000.0,AAPL,-0.009012656450872458,192.03702392578126,188.30182952880858,186.27240829467775,0.014423422485016615,0.8511810302734091,-0.18656892019824123,0.014655400126101815,0.044895781874572105,0.3285417133108119,189.7586669921875,0
2024-01-29,189.7586669921875,190.22383575614063,187.6307788947091,190.0357868811084,47145600.0,AAPL,-0.0035860736599736542,191.60946044921874,188.8768508911133,186.18085861206055,0.01443283864944365,-2.1378173828125,0.05721845988249541,0.013665024647007522,-0.11140471852703837,0.07572910948866733,186.1066436767578,0
2024-01-30,186.1066436767578,189.82799457367844,185.5425120345168,188.97683613469172,55859400.0,AAPL,-0.019245620626013538,190.1961456298828,189.31331634521484,185.95866775512695,0.015006516887487,-7.0665740966796875,0.18482742822235787,0.023027026088359076,-0.3658154157253668,-0.14410811745927768,182.5040283203125,0
2024-01-31,182.5040283203125,185.1762795166647,182.45455449229945,185.11688373962707,55467800.0,AAPL,-0.019357800910657308,188.19690856933593,189.483544921875,185.8973030090332,0.013366297007147846,-9.996185302734375,-0.007010458400913744,0.014913232597739414,-0.5192817771261726,-0.33216730379285925,184.9387664794922,1
2024-02-01,184.9387664794922,185.02783750412453,181.93002942176477,182.0982797244824,64885400.0,AAPL,0.013340736539286135,186.74994201660155,189.30836486816406,186.02646102905274,0.013582430071807034,-7.234832763671903,0.16978499237395384,0.01675045281922153,-0.3764738128527956,-0.4205236685681117,183.9391632080078,0
2024-02-02,183.9391632080078,185.40394215196616,177.40701599262258,178.01074479617154,102551700.0,AAPL,-0.00540504995525215,185.44945373535157,188.7432388305664,186.2214370727539,0.01329599633885187,-6.50244140625,0.5805050134544905,0.04347592986655188,-0.34144017109185687,-0.4123985870236084,185.7503204345703,1
2024-02-05,185.7503204345703,187.30418539055444,183.9292424150712,186.21548923655905,69668800.0,AAPL,0.009846501391953977,184.6477844238281,188.12862243652344,186.54309539794923,0.013373394754065801,-4.0083465576171875,-0.3206470492444299,0.01816924443299706,-0.2112339120606388,-0.3097159653350971,187.35366821289065,1
2024-02-06,187.35366821289065,187.36355995873055,184.8496822422945,184.93875326056028,43490800.0,AAPL,0.008631736271405899,184.89718933105468,187.54666748046878,186.7281723022461,0.01242570837348209,1.247024536132841,-0.37574925935282366,0.013417819573084171,0.06700591185228033,-0.1618893904334051,187.4625244140625,1
2024-02-07,187.4625244140625,189.08566162792087,186.67074684834847,188.67987354898105,53439000.0,AAPL,0.0005810198551765566,185.88888854980468,187.04289855957035,186.93947677612306,0.012401786352637932,4.95849609375,0.22874263062532774,0.012882120237740937,0.27169241903238106,0.042488139608007534,186.38375854492188,0
2024-02-08,186.38375854492188,187.5912009839088,185.42373058041275,187.44274927884152,40962000.0,AAPL,-0.005754568133083837,186.17788696289062,186.4639144897461,187.04488296508788,0.012448703868227096,1.4449920654296875,-0.23348116544097008,0.011629073372150366,0.07813354078956225,0.1389439572247412,187.14683532714844,1
2024-02-09,187.14683532714844,188.27655346933716,186.30449512518672,186.9486269587983,45155200.0,AAPL,0.004094116290946248,186.81942138671874,186.13443756103516,187.21813354492187,0.012436658655773841,3.207672119140625,0.10236804843513503,0.010537492342326368,0.17438766509518366,0.17473787497237567,185.46214294433597,0
2024-02-12,185.46214294433597,186.9684387436886,185.10538907399385,186.7206934204281,41781900.0,AAPL,-0.009001981678543935,186.76178588867188,185.70478515625,187.29081802368165,0.012633569110120247,-0.2881774902343466,-0.07470457444546807,0.010045444531792833,-0.01551423919808781,0.07900232222888603,183.3711700439453,0
2024-02-13,183.3711700439453,184.53063145226375,181.8549698898973,184.09459726813964,56529500.0,AAPL,-0.011274391998253974,185.9652862548828,185.43123779296874,187.3722770690918,0.012580061519932281,-3.982498168945341,0.352966236576125,0.014591506187833284,-0.21256579638568973,-0.017897456829531293,182.4891815185547,0
2024-02-14,182.4891815185547,183.8567404102353,180.7946121382465,183.64864282656316,54630500.0,AAPL,-0.004809853834598199,184.97061767578126,185.42975311279298,187.45664901733397,0.012571657178316811,-4.9733428955078125,-0.03359307971943848,0.016779779746436387,-0.26529797947897116,-0.16445933835424956,182.20181274414065,0
2024-02-15,182.20181274414065,182.826135768752,179.71445525689393,181.8946109768474,65434500.0,AAPL,-0.0015747167696339437,184.134228515625,185.15605773925782,187.23221130371093,0.01006048066588619,-4.181945800781222,0.1977649847612597,0.01707820830645468,-0.22437286560960223,-0.23407888049142103,180.66580200195312,0
2024-02-16,180.66580200195312,183.18290302222292,180.03157456209792,181.7657918718305,49752500.0,AAPL,-0.008430271461373984,182.83802185058596,184.82872161865234,186.78598022460938,0.009370052426147323,-6.4810333251953125,-0.2396595068350793,0.017442860935524104,-0.34630739621463125,-0.2786594137677349,179.9225616455078,0
2024-02-20,179.9225616455078,180.7847105340753,178.3766332434525,180.15048310961225,53665600.0,AAPL,-0.004113896200661604,181.7301055908203,184.2459457397461,186.18728408813476,0.008726426186038635,-5.539581298828153,0.0786513240540676,0.013383965126993413,-0.2986906767539499,-0.28979031285939444,180.6757049560547,1
2024-02-21,180.6757049560547,181.24055639365764,179.03067248659073,180.2991272502037,41371400.0,AAPL,0.004185930345026678,181.19101257324218,183.5781494140625,185.56240844726562,0.00859657110567338,-2.695465087890625,-0.22908902537193288,0.012231217847493191,-0.14699503129334102,-0.2639977014206407,182.7071990966797,1
2024-02-22,182.7071990966797,183.29188949706392,180.8144364958238,181.82522643308516,52292200.0,AAPL,0.011243870010741785,181.2346160888672,183.1026168823242,185.07275772094727,0.009190567077583806,0.218017578125,0.26396979555925104,0.013559690113410227,0.011946876867483525,-0.14457961039326914,180.87391662597656,0
2024-02-23,180.87391662597656,183.3711786908889,180.58652357235425,183.3414504606763,45119700.0,AAPL,-0.010033991434202028,180.9690368652344,182.5516326904297,184.50777359008788,0.009336930708929554,-1.327896118164091,-0.137161947670972,0.015395559351395914,-0.07288051080088898,-0.06930955507558216,179.52615356445312,0
2024-02-26,179.52615356445312,181.11171437415507,179.0207434868858,180.59641504961763,40867400.0,AAPL,-0.007451395351328771,180.74110717773436,181.78956451416016,183.96200103759764,0.009290282976166497,-1.1396484375,-0.09424486421673905,0.011647165862764215,-0.06308047371841208,-0.041338035883939174,180.9828948974609,1
2024-02-27,180.9828948974609,182.2612539462515,177.94057546451762,179.4666949255866,54318900.0,AAPL,0.008114368319515064,180.953173828125,181.34163970947264,183.52321243286133,0.00960814832015083,1.0603332519530966,0.32914988474921336,0.02387340794930826,0.0589327565290132,-0.02567607599676262,179.7838134765625,0
2024-02-28,179.7838134765625,181.46847854843008,178.50545433930714,180.8639793914523,48953900.0,AAPL,-0.006625385352454272,180.77479553222656,180.98290405273437,183.20707092285156,0.008820219650178863,-0.8918914794921875,-0.09876856858294258,0.016481039932492163,-0.04936421749172748,-0.017837311560375452,179.11985778808594,0
2024-02-29,179.11985778808594,180.9234508895373,177.9108594746495,179.63517226295397,136682600.0,AAPL,-0.003693078234560443,180.0573272705078,180.6459716796875,183.03786239624023,0.007805913348095473,-3.58734130859375,1.7920676391462171,0.01681885778656628,-0.19634373064279176,-0.06225839720183535,178.03968811035156,0
2024-03-01,178.03968811035156,178.90183692569337,175.78025215753124,177.93067957222544,73563100.0,AAPL,-0.006030429518385949,179.4904815673828,180.2297592163086,182.6929084777832,0.007116406536769172,-2.834228515625,-0.461796161325582,0.01753308378201232,-0.15669636443411683,-0.13413477085621203,173.5208282470703,0
2024-03-04,173.5208282470703,175.3045824548566,172.2226300679557,174.5613464945542,81510100.0,AAPL,-0.02538119399805061,178.28941650390624,179.5152618408203,182.17199172973633,0.008832792529774938,-6.0053253173828125,0.10802970511030674,0.01776128213560973,-0.33450977465669274,-0.22918328991120043,168.58572387695312,0
2024-03-05,168.58572387695312,170.48840604509627,168.0902332564625,169.21995126633416,95132400.0,AAPL,-0.028440991320593856,175.8099822998047,178.38157806396484,181.31376190185546,0.01000241729537013,-12.397171020507784,0.16712407419448638,0.014225242407738687,-0.6849913096777249,-0.39206581625617815,167.59475708007812,0
2024-03-06,167.59475708007812,169.69564777442116,167.1587228770791,169.5172632726602,68587700.0,AAPL,-0.005878118111580344,173.3721710205078,177.0734832763672,180.32581634521483,0.009490947263872071,-12.189056396484375,-0.2790290164024034,0.01513725692582315,-0.6779840832597206,-0.5658283891980461,167.475830078125,0
2024-03-07,167.475830078125,169.1902233947002,166.97043508778398,167.62447121611535,71765100.0,AAPL,-0.0007096105154190679,171.04336547851562,175.55034637451172,179.32648162841798,0.009451632482093684,-11.644027709960938,0.04632609053809933,0.013254380085059022,-0.6500690573200885,-0.6710148167525114,169.1902313232422,1
2024-03-08,169.1902313232422,172.13344696276567,167.41638146834518,167.47583792632756,76267000.0,AAPL,0.0102367084511088,169.27347412109376,174.3819778442383,178.466805267334,0.010090721358445734,-8.849456787109375,0.06273104893604264,0.027880247325913418,-0.4970496680281955,-0.6083676028693349,171.1920166015625,1
2024-03-11,171.1920166015625,172.8073209312821,170.49833272784605,171.38030546468005,60139500.0,AAPL,0.011831565349041062,168.80771179199218,173.5485641479492,177.6690643310547,0.010585022623766063,-2.3288116455078125,-0.21146105130659398,0.013487709586423459,-0.13420934357182168,-0.4271093563067019,171.66766357421875,1
2024-03-12,171.66766357421875,172.46045153320196,169.4676841705973,171.58838326620315,59825400.0,AAPL,0.0027784413204459124,169.42409973144532,172.617041015625,176.97934036254884,0.01064259579326722,3.081939697265625,-0.005222856857805547,0.017433495046728906,0.18281142829834618,-0.14948252776722368,169.58660888671875,0
2024-03-13,169.58660888671875,171.6280276345068,169.21993557914925,171.21181736641944,52488700.0,AAPL,-0.01212257826646701,169.82247009277344,171.59732055664062,176.2901123046875,0.010675574862445667,1.991851806640625,-0.12263520177048548,0.014199777159092266,0.11884929107232711,0.05581712526628387,171.43975830078125,1
2024-03-14,171.43975830078125,172.73794133442243,170.49832912625453,171.35057361629617,72913500.0,AAPL,0.01092745132547801,170.6152557373047,170.82931060791014,175.73764114379884,0.011169291999816556,3.96392822265625,0.3891275645996186,0.013063552062635476,0.23668658461385883,0.17944910132817737,171.0631866455078,0
2024-03-15,171.0631866455078,171.0631866455078,168.75419840900892,169.6262667891251,121752700.0,AAPL,-0.0021965246510250447,170.9898468017578,170.13166046142578,175.1807098388672,0.011165809690625928,1.872955322265625,0.6698238323492907,0.013497867552787845,0.1107011502742905,0.1554123419868255,172.15322875976562,1
2024-03-18,172.15322875976562,176.10724858241537,171.9550355745247,173.98654974587862,75604200.0,AAPL,0.006372160694730233,171.18208923339844,169.99490051269532,174.7550811767578,0.011283133918551711,0.961212158203125,-0.3790347154518955,0.024119286276558665,0.056148188290829903,0.1345119743929931,174.49197387695312,1
2024-03-19,174.49197387695312,175.01719271038215,171.46947815172825,172.76766112194616,55215200.0,AAPL,0.013585252707930096,171.7469512939453,170.5855255126953,174.4835517883301,0.011818824235710011,2.824310302734375,-0.26968078492993774,0.020331677611462193,0.16452197483967756,0.110457104468266,177.05860900878906,1
2024-03-20,177.05860900878906,177.05860900878906,173.51089450186836,174.1352174960067,53423100.0,AAPL,0.0147091873328562,173.24135131835936,171.53191070556642,174.3026969909668,0.012307739952208066,7.4720001220703125,-0.03245664237383905,0.020036950062928556,0.440600833469198,0.22042366553323514,169.82444763183594,0
2024-03-21,169.82444763183594,175.8892630091755,169.29922879245808,175.45322885093574,106181300.0,AAPL,-0.04085743933859787,172.9182891845703,171.7667724609375,173.6585594177246,0.014845773441254618,-1.6153106689453125,0.9875540730507963,0.038804979545724844,-0.09422030717701646,0.1703008337106197,170.7262420654297,1
2024-03-22,170.7262420654297,171.48930183291895,168.52626256417108,170.21092760104457,71160100.0,AAPL,0.005310156730488957,172.85090026855468,171.92037353515624,173.15117568969725,0.0148891070321712,-0.336944580078125,-0.32982455479448824,0.01735549985111435,-0.019697083088739964,0.10889448106781385,169.3091278076172,0
2024-03-25,169.3091278076172,170.38929358279395,167.92174518816086,169.03165430796025,54288300.0,AAPL,-0.008300506358415616,172.282080078125,171.73208465576172,172.64032440185548,0.014904342941968315,-2.8441009521484375,-0.23709635034239696,0.014574219515423455,-0.16520752893442903,-0.09304163973339515,168.17942810058594,0
2024-03-26,168.17942810058594,169.87399750483326,168.0505957042821,168.4668059986792,57388400.0,AAPL,-0.006672408757045334,171.01957092285156,171.38326110839844,172.00015106201172,0.014698802427350052,-6.3125457763671875,0.05710438529112172,0.010842002622702462,-0.36176711375954906,-0.18222390859423934,171.7469482421875,1
2024-03-27,171.7469482421875,172.0343412561863,168.575811446925,168.87310882923745,60273300.0,AAPL,0.021212583381291283,169.95723876953124,171.59929504394532,171.59830780029296,0.01567844477833157,-5.3116607666015625,0.05026974092325287,0.020137358157795566,-0.29999449314197957,-0.2756563786119859,169.93344116210938,0
2024-03-28,169.93344116210938,170.67667701496117,168.97218824939392,170.2010103030642,65672700.0,AAPL,-0.01055918081013485,169.97903747558593,171.44866333007812,171.13898696899415,0.01578842974421026,0.1089935302734375,0.08958195419862536,0.01003033160460299,0.006418011764108833,-0.2184478650458066,168.4965362548828,0
2024-04-01,168.4965362548828,169.70553455748254,167.9514935576168,169.6460781034487,46240500.0,AAPL,-0.008455692401684534,169.53309631347656,171.19199829101564,170.6618293762207,0.015826165915243825,-2.229705810546875,-0.2958946411522596,0.010409952862250051,-0.13060123526249412,-0.14139257221345494,167.31727600097656,0
2024-04-02,167.31727600097656,167.81276664190898,166.71277681419204,167.5551169522469,49329500.0,AAPL,-0.006998721042683065,169.13472595214844,170.70840301513672,170.351651763916,0.014944592211985425,-1.991851806640625,0.06680291086817824,0.0065742752572096564,-0.11764586070657224,-0.08060969473498585,168.11997985839844,1
2024-04-03,168.11997985839844,169.140689438472,167.05963767767048,167.26773529316293,47691700.0,AAPL,0.004797495372905747,169.12283630371093,170.07120361328126,170.32836456298827,0.013603659698427107,-0.0594482421875,-0.03320122847383411,0.012378372651212104,-0.003534810580515524,-0.08392730218319396,167.29745483398438,0
2024-04-04,167.29745483398438,170.3694875068381,167.29745483398438,168.7541832986243,53704400.0,AAPL,-0.004892488240284432,168.23293762207032,169.09508819580077,170.3134994506836,0.013583203128540406,-4.449493408203125,0.12607434836669684,0.018362698200652436,-0.259072632948838,-0.12675110141197524,168.05059814453125,1
2024-04-05,168.05059814453125,168.85329051832247,167.42627513328318,168.06050251317026,42104800.0,AAPL,0.004501821688167595,167.8563690185547,168.9177032470703,170.3422378540039,0.013618817861779656,-1.882843017578125,-0.2159897513052934,0.008491581706909392,-0.11079885187412764,-0.12446876513449372,166.93080139160156,0
2024-04-08,166.93080139160156,167.67403738632925,166.72270378093583,167.50557237539863,37425500.0,AAPL,-0.006663449968601798,167.54322204589843,168.5381591796875,170.22926635742186,0.01349093807009822,-1.56573486328125,-0.1111345974805723,0.005698969857346398,-0.09292386051857893,-0.1542651151138482,168.1397705078125,1
2024-04-09,168.1397705078125,168.54607640984824,166.83168324813985,167.17851757917794,42373800.0,AAPL,0.007242336981147179,167.7077209472656,168.42122344970704,170.07665405273437,0.013306407476787067,0.8224945068359375,0.13221733844571215,0.010196238263740989,0.04915777536511845,-0.051521645675862704,166.266845703125,0
2024-04-10,166.266845703125,167.56502882108228,165.60289002910008,167.27765088979615,49709300.0,AAPL,-0.011139094570136066,167.33709411621095,168.22996520996094,169.80661315917968,0.013471535773667484,-1.8531341552734375,0.17311404688746346,0.011801142817646656,-0.11022688420699756,-0.051330989786819346,173.46133422851562,1
2024-04-11,173.46133422851562,173.87755961907308,166.6433941837476,166.82176353298163,91070300.0,AAPL,0.04327073443274809,168.5698699951172,168.40140380859376,170.00034942626954,0.01652339274136523,6.16387939453125,0.8320575827863197,0.041704772233535845,0.3684383244591438,0.1024564052057549,174.95773315429688,1
2024-04-12,174.95773315429688,176.7514066994258,172.63884078505302,172.68837774790788,101670900.0,AAPL,0.0086267001948106,169.9512969970703,168.9038330078125,170.1762481689453,0.016460431302346448,6.907135009765625,0.1164001875474221,0.023506053949303603,0.4110151993523514,0.22307554653483255,171.132568359375,0
2024-04-15,171.132568359375,175.03703722038412,170.94427948721847,173.77848669689703,73531800.0,AAPL,-0.02186336508800346,170.791650390625,169.1674362182617,170.17971725463866,0.017239544662808158,4.2017669677734375,-0.2767665084109613,0.02391571500622222,0.2517071105359725,0.34372021144915593,167.85243225097656,0
2024-04-16,167.85243225097656,172.19292044576096,166.75244230602124,170.20105330053957,73711200.0,AAPL,-0.019167223047282356,170.73418273925782,169.22095184326173,169.9646774291992,0.017695138080081014,-0.2873382568359375,0.002439760756570708,0.032412268721879495,-0.01708924997150474,0.21521101997227307,166.48483276367188,0
2024-04-17,166.48483276367188,169.1109267558204,166.48483276367188,168.08031301583728,50901200.0,AAPL,-0.008147629849413307,170.77778015136718,169.05743713378905,169.56432037353517,0.01740985195835551,0.217987060546875,-0.3094509382563301,0.015773773193359375,0.013110675169485386,0.08257617857798438,165.5334930419922,0
2024-04-18,165.5334930419922,167.11906901091456,165.0479219314042,166.51456987389489,43122900.0,AAPL,-0.005714272621038852,169.1922119140625,168.88104095458985,168.98806457519532,0.016958828234413078,-7.9278411865234375,-0.152811721531123,0.012511951759423994,-0.4570379457637175,-0.1536721735219123,163.51190185546875,0
2024-04-19,163.51190185546875,164.89926951971245,162.6002009445124,164.7109957890585,68149400.0,AAPL,-0.01221258096698652,166.90304565429688,168.4271713256836,168.67243728637695,0.014668078509052957,-11.445831298828125,0.5803528983440354,0.014060557972301177,-0.6542055096663801,-0.36604426008687074,164.34429931640625,1
2024-04-22,164.34429931640625,165.751490640931,163.28395741969712,164.02719323258373,48116400.0,AAPL,0.0050907453921811285,165.54539184570314,168.16852111816405,168.35334014892578,0.014662568699502792,-6.78826904296875,-0.29395710013587795,0.015014413225756158,-0.39666728011196084,-0.5026369118473528,165.39474487304688,1
2024-04-23,165.39474487304688,165.54340111554177,163.4326064657252,163.85873621547074,49537800.0,AAPL,0.006391737109288087,165.0538543701172,167.8940185546875,168.15762100219726,0.014687888501074008,-2.4576873779296875,0.02954086340623996,0.012762162736408374,-0.14641952725802043,-0.39909743901212047,167.4956512451172,1
2024-04-24,167.4956512451172,167.77312477902248,164.71099641624178,165.03800691456527,48251800.0,AAPL,0.012702376811808191,165.25601806640626,168.01689910888672,168.12343215942383,0.014935610002439136,1.0108184814453125,-0.025959973999652775,0.01828183800604772,0.06071534954058988,-0.16079048594313047,168.3577880859375,1
2024-04-25,168.3577880859375,169.07129572836638,166.63347542987228,168.00103426472305,50558300.0,AAPL,0.005147219252627844,165.8208770751953,167.5065444946289,167.95397415161133,0.014139931254360654,2.8242950439453125,0.04780132554640448,0.01447999719056494,0.1706177397723896,0.028304520684986345,167.77313232421875,0
2024-04-26,167.77313232421875,169.79472746518425,167.65420428921547,168.34790327634968,44838400.0,AAPL,-0.003472698046022793,166.67312316894532,166.7880844116211,167.8459587097168,0.013973007231764905,4.26123046875,-0.11313473752084224,0.01275843841213059,0.2606067460775163,0.16397994513016526,171.9352569580078,1
2024-04-29,171.9352569580078,174.44243845784558,171.5388704832316,171.8064245491769,68169400.0,AAPL,0.024808052255624657,168.19131469726562,166.86835327148438,168.01789474487305,0.014929156387673273,7.5909576416015625,0.5203352483585497,0.01688756585464689,0.46189357788352314,0.29770602124447637,168.7938232421875,0
2024-04-30,168.7938232421875,173.4117990890393,168.46679764398493,171.76676673002254,65934800.0,AAPL,-0.01827102696329208,168.87113037109376,166.96249237060547,168.0917221069336,0.015455122642420797,3.399078369140625,-0.03278010368288409,0.029296104265374823,0.2055130815522399,0.3093378018377598,167.77313232421875,0
2024-05-01,167.77313232421875,171.1523820898212,167.58484346320657,168.05060587060277,50383100.0,AAPL,-0.006046968416043574,168.92662658691407,167.09132232666016,168.07437973022462,0.015488522977128336,0.2774810791015625,-0.23586482403829234,0.02126406402021765,0.016566464683640536,0.22799104137313453,171.469482421875,1
2024-05-02,171.469482421875,171.8559644998941,169.34878317714927,170.95416794412498,94214900.0,AAPL,0.022031835768036467,169.54896545410156,167.68492126464844,168.28298110961913,0.016194050019981008,3.1116943359375,0.8699702876559798,0.01462173494275957,0.18482627808991792,0.13563527477526613,181.7261199951172,1
2024-05-03,181.7261199951172,185.3134667588396,181.01261238934663,184.96661732338916,163224100.0,AAPL,0.059816110880927864,172.33956298828124,169.50634307861327,168.96675720214844,0.020821836940512317,13.952987670898438,0.732465883846398,0.023666682420823936,0.831658053801756,0.3443502655251048,180.07119750976562,0
2024-05-06,180.07119750976562,182.53873097916653,178.79282331517493,180.7054248623681,78569700.0,AAPL,-0.00910668474843368,173.9667510986328,171.07903289794922,169.62377700805663,0.020895479392205683,8.135940551757812,-0.5186390980253528,0.020802369928086106,0.4731979173849643,0.49656074975887937,180.7549743652344,1
2024-05-07,180.7549743652344,183.23242749590463,179.68472791941784,181.79550770435063,77305800.0,AAPL,0.0037972583340637467,176.35898132324218,172.61505584716798,170.25453720092773,0.020881533431031333,11.961151123046903,-0.016086353899785744,0.019627120022258932,0.7086249303023906,0.6711603004963703,181.0919189453125,1
2024-05-08,181.0919189453125,181.4189445721307,179.81354466582562,181.20092748758523,45057100.0,AAPL,0.0018640957531672608,179.02273864746093,173.9746826171875,170.99579086303712,0.0205914437958097,13.31878662109375,-0.417157574205299,0.008865110688842453,0.7938569445884469,0.6585599307586006,182.90542602539065,1
2024-05-09,182.90542602539065,182.99461071341904,180.46760537105857,180.9135439323752,48983000.0,AAPL,0.010014290480989452,181.30992736816407,175.4294464111328,171.46799545288087,0.01853384739114258,11.435943603515653,0.08713166182466248,0.013815912394035117,0.6669375472528238,0.7231398073812204,181.6451568603516,0
2024-05-10,181.6451568603516,183.669493895456,180.7322193628195,183.48094965782863,50759500.0,AAPL,-0.006890277628308961,181.29373474121093,176.8166488647461,171.8023666381836,0.018602384602135917,-0.08096313476559658,0.036267684706939196,0.016170398283146353,-0.0044552282725107695,0.48544642118958664,184.8503570556641,1
2024-05-13,184.8503570556641,185.6640710757596,183.2030934113359,184.01680743143143,72044800.0,AAPL,0.017645393087890815,182.24956665039062,178.10815887451173,172.48825607299804,0.018019215581936927,4.779159545898466,0.4193362818782691,0.013313350883507458,0.26540388535147397,0.30929540144392903,185.99154663085935,1
2024-05-14,185.99154663085935,186.8548800445926,184.8602962551219,186.0709344816443,52393600.0,AAPL,0.006173585993407782,183.29688110351563,179.82793121337892,173.39521179199218,0.017174549682988347,5.236572265624943,-0.27276361375144353,0.010724056149870974,0.2897055687686856,0.18355140861588293,188.26397705078125,1
2024-05-15,188.26397705078125,189.18683240943687,185.9320062923224,186.46787049037357,70400000.0,AAPL,0.012217923131915498,184.73129272460938,181.87701568603515,174.48416900634766,0.01693857610782093,7.17205810546875,0.3436755634275943,0.017288629338986807,0.3960451767941464,0.317051543638102,188.38302612304688,1
2024-05-16,188.38302612304688,189.6333656572436,188.2044148419799,189.00819589014523,52845200.0,AAPL,0.0006323518398505534,185.82681274414062,183.56837005615233,175.62664566040038,0.016760175495212946,5.477600097656222,-0.2493579545454545,0.007585348025624783,0.2994771788178574,0.32840930812689645,188.41282653808597,1
2024-05-17,188.41282653808597,189.3456148748041,187.72811956148703,188.05558877384672,41282900.0,AAPL,0.00015819055279231442,187.1803466796875,184.2370407104492,176.87169189453124,0.016249188567073143,6.767669677734375,-0.21879565220682295,0.008584847130830112,0.3725763898531764,0.3560329151550601,189.5738067626953,1
2024-05-20,189.5738067626953,190.44705781727768,187.55938774134123,187.8769390854372,44361300.0,AAPL,0.006161895906670933,188.12503662109376,185.1873016357422,178.1331672668457,0.016243512766663387,4.723449707031222,0.07456840483590055,0.015232431764959928,0.2555282977142892,0.30919395546177436,190.87376403808597,1
2024-05-21,190.87376403808597,191.25083732912464,189.4547310855792,189.62342455766935,42309400.0,AAPL,0.006857262074279724,189.10148010253909,186.19918060302734,179.40711822509766,0.016242493266620993,4.882217407226619,-0.04625428019467415,0.009409916824331354,0.2624967368498976,0.2968671414724544,189.43490600585935,0
2024-05-22,189.43490600585935,191.3401840301744,188.8097513226368,190.79440205142183,34648500.0,AAPL,-0.007538270330015195,189.33566589355468,187.03347930908203,180.50408096313475,0.016517205888344506,1.1709289550780966,-0.18106850959833987,0.013357795355093351,0.06219612341251235,0.1934070526588997,185.44577026367188,0
2024-05-23,185.44577026367188,189.5341459487459,185.19768892080705,189.51429520164533,51005900.0,AAPL,-0.021058081777516113,188.7482147216797,187.28751373291016,181.35848007202148,0.01761629382463063,-2.937255859375,0.4720954731085041,0.0233839629869862,-0.1559193479276877,0.05625783744490742,188.5219573974609,1
2024-05-24,188.5219573974609,189.11735863774425,186.59684388111853,187.37087155015985,36327000.0,AAPL,0.01658806846559635,188.7700408935547,187.9751937866211,182.3959213256836,0.01768009604816472,0.10913085937494316,-0.28778827547401375,0.013369873681672598,0.005792114124081316,-0.029310370130364676,188.53189086914065,1
2024-05-28,188.53189086914065,191.5187845976106,187.64872194997955,190.04021443649896,52280100.0,AAPL,5.269132475005378e-05,188.56165771484376,188.34334716796874,183.22575302124022,0.017152194034994992,-1.041915893554659,0.4391526963415642,0.020527363459783267,-0.05496096276944584,-0.0683627321910174,188.82960510253903,1
2024-05-29,188.82960510253903,190.77456966628964,188.05559245514976,188.154831057814,53068000.0,AAPL,0.0015791186945928182,188.15282592773434,188.6271530151367,184.2275421142578,0.016302962342192116,-2.044158935546932,0.015070743935072795,0.014399104471268699,-0.10709480927609594,-0.05208788597382016,189.8218994140625,1
2024-05-30,189.8218994140625,190.70506832278696,189.1669762256753,189.29596821795036,49889100.0,AAPL,0.005254972126773394,188.230224609375,188.78294525146484,185.32998046875,0.016066787719763092,0.3869934082031534,-0.05990238938720127,0.008102816913429843,0.02042883312071142,-0.04720897964161012,190.7745513916016,1
2024-05-31,190.7745513916016,191.09210277636024,188.45251367186648,189.9707702687458,75158300.0,AAPL,0.005018662127392659,189.29598083496094,189.0220977783203,186.29523391723632,0.015635315498062376,5.328781127929716,0.5065074334874753,0.013836169893936667,0.2873498338815228,0.0668946192420461,192.5408935546875,1
2024-06-03,192.5408935546875,193.49353258818425,191.04248767189637,191.4195610224673,50080500.0,AAPL,0.009258793430262813,190.09976806640626,189.43490447998047,186.83597259521486,0.009110536346953524,4.018936157226591,-0.3336664081013009,0.012729996579099248,0.21318132978820348,0.17365333226347923,192.85841369628903,1
2024-06-04,192.85841369628903,193.82097037667648,191.54853713018943,193.14618134943933,47471400.0,AAPL,0.0016491049550020342,190.96507263183594,189.76336517333985,187.475333404541,0.008669130840431683,4.326522827148381,-0.05209812202354214,0.011782909560096522,0.22948493261288005,0.24333869876086878,194.36676025390625,1
2024-06-05,194.36676025390625,195.38885414673365,193.3744349100596,193.90036613096368,54156800.0,AAPL,0.00782100468788749,192.07250366210937,190.11266479492187,188.15592269897462,0.008723599205108573,5.537155151367216,0.14083005767683288,0.010364010976169851,0.29323554155400666,0.2453006013183634,192.9874267578125,0
2024-06-06,192.9874267578125,194.9919281725913,192.67980832687616,194.1881470745491,41181800.0,AAPL,-0.007096550327287954,192.7056091308594,190.4679168701172,188.7506980895996,0.009045556029759894,3.16552734375,-0.23958210233987232,0.011980676070761339,0.16676302120678832,0.229827831791225,195.3789520263672,1
2024-06-07,195.3789520263672,195.4285713258788,192.65005711175448,193.15613762673084,53103900.0,AAPL,0.012392129936816598,193.6264892578125,191.46123504638672,189.37437438964844,0.009154460124504538,4.604400634765597,0.2894992448120286,0.014221154250788267,0.24135297927207144,0.2337838473442888,191.63784790039065,0
2024-06-10,191.63784790039065,195.7857753291456,190.67529119421684,195.38883614317197,97010200.0,AAPL,-0.01914793833816686,193.4458801269531,191.7728240966797,189.8740089416504,0.010223580874779795,-0.9030456542968466,0.826799914883841,0.02666740516510641,-0.04690149908545771,0.12040483379780069,205.5601959228516,1
2024-06-11,205.5601959228516,205.5701288673056,192.14396771907968,192.1638033246204,172373300.0,AAPL,0.07264926096277957,195.98623657226565,193.47565460205078,190.90950088500978,0.018497171392951896,12.701782226562557,0.7768574850891967,0.06531498516991527,0.6586065903541627,0.2843526901802588,211.4347686767578,1
2024-06-12,211.4347686767578,218.51003809526935,205.3121079690946,205.7785020929093,198134300.0,AAPL,0.028578357437015756,199.39983825683595,195.73617095947264,192.1816619873047,0.019206169297135783,17.068008422851562,0.14944889956855256,0.06242081285293146,0.8781341213155569,0.49661307086142065,212.59576416015625,1
2024-06-13,212.59576416015625,215.08649505325084,209.97602614095345,213.09192677850285,97862700.0,AAPL,0.005491033904519993,203.3215057373047,198.01355743408203,193.39825134277345,0.01916148481793618,19.60833740234375,-0.5060789575555571,0.024038432432959892,1.0,0.8455802372232398,210.85922241210935,0
2024-06-14,210.85922241210935,213.5186471242216,209.67835280423736,212.2087855151512,70122700.0,AAPL,-0.008168280092065716,206.4175598144531,200.02202453613282,194.52206115722657,0.01939724561537086,15.480270385742159,-0.2834583554306186,0.018212598320592504,0.7923202691584219,0.8901514634913262,215.0071258544922,1
2024-06-17,215.0071258544922,217.2696263789355,211.0874438581257,211.73244926121387,93728300.0,AAPL,0.01967143478446509,211.09141540527344,202.26864776611328,195.85177612304688,0.019587025138379066,23.369277954101534,0.3366327879559685,0.02875338431803247,1.0,0.9307734230528073,212.64540100097656,0
2024-06-18,212.64540100097656,216.95210469802015,211.3653079111793,215.92007781385277,79943300.0,AAPL,-0.01098440269888512,212.50845642089843,204.24734649658203,197.00535583496094,0.01998760497477819,7.085205078124972,-0.14707404273842584,0.026272831486325948,0.34467787142915984,0.7123327135291939,208.0707855224609,0
2024-06-20,208.0707855224609,212.59580212894485,207.2471687535905,212.28816853161533,86172500.0,AAPL,-0.021512882277170187,211.83565979003907,205.6177490234375,197.86520690917968,0.020904989068986825,-3.3639831542969034,0.07792022596014925,0.02570583545366092,-0.1591026478450086,0.39519174119471706,205.8975982666016,0
2024-06-21,205.8975982666016,210.26382387597764,205.5205097773767,208.77533580800625,241805100.0,AAPL,-0.01044446124621723,210.49602661132812,206.9087661743164,198.6883415222168,0.021003122898012122,-6.698165893554659,1.8060587774522032,0.023037248314374054,-0.3150658208085788,-0.043163532408142524,206.5426025390625,1
2024-06-24,206.5426025390625,211.0676038174596,205.0044951825124,206.12582769938732,80727000.0,AAPL,0.003132645926378075,209.63270263671876,208.02513122558594,199.74318313598633,0.020139920876778284,-4.316619873046847,-0.6661484807392399,0.02935524468275509,-0.20471572567076657,-0.22629473144145132,207.4654693603516,1
2024-06-25,207.4654693603516,209.75773850908567,207.0089930344414,207.54484206411715,55549700.0,AAPL,0.004468166905733373,208.12437133789064,209.60789337158204,200.69035873413085,0.019973202249959198,-7.541656494140597,-0.31188202212394867,0.013249170973459234,-0.35076309513780823,-0.29018154720571787,211.6133728027344,1
2024-06-26,211.6133728027344,213.21101716086312,209.02340313251776,209.87680350658064,66213200.0,AAPL,0.019993223234552993,207.9179656982422,210.2132110595703,201.84443283081055,0.02021041844938456,-1.032028198242159,0.19196323292475026,0.019788985794622023,-0.04853282475821841,-0.20133721518893108,212.45684814453125,1
2024-06-27,212.45684814453125,214.0842609953053,210.72027890747492,213.0423164247351,49772700.0,AAPL,0.003985926459303402,208.79517822265626,210.31541900634767,203.02579498291016,0.020189988900211966,4.386062622070341,-0.2482964121957555,0.015833719257389682,0.2107966580246745,-0.06283308729045071,209.0035552978516,0
2024-06-28,209.0035552978516,214.411740437408,208.68601906723535,214.1140398112984,82542700.0,AAPL,-0.01625409054515592,209.4163696289063,209.9561981201172,203.9848777770996,0.020801010388535036,3.10595703125,0.6583930548272448,0.027395330007726048,0.15084959986897628,0.10437114437847746,215.08653259277344,1
2024-07-01,215.08653259277344,215.8406944532805,210.2935990460224,210.46229254870087,60402900.0,AAPL,0.029104659421955725,211.12515563964848,210.3789291381836,205.2004768371582,0.021486567506452836,8.543930053710938,-0.2682223867162087,0.02579006384263257,0.41366429727712317,0.2584368517235913,218.57952880859372,1
2024-07-02,218.57952880859372,218.6886852126113,213.44920810314017,214.4911377013164,58046200.0,AAPL,0.016239957814716544,213.34796752929688,210.73616943359374,206.5024085998535,0.021594805533037515,11.11405944824213,-0.03901633861950338,0.02397057555220207,0.5357064711784809,0.3667401227748601,219.8496551513672,1
2024-07-03,219.8496551513672,219.8496551513672,217.3489913614819,218.31154803460527,37369800.0,AAPL,0.005810820206706868,214.99522399902344,211.45659484863282,207.85197067260742,0.02156483736910436,8.236282348632784,-0.35620591873369833,0.011374426710669978,0.3892136985270134,0.44619482232753915,224.6029052734375,1
2024-07-05,224.6029052734375,224.71206166235044,219.94889718329503,219.94889718329503,60412400.0,AAPL,0.02162045748399133,217.4244354248047,213.10980682373048,209.363777923584,0.02181894014488992,12.14605712890625,0.6166102039614876,0.021207047492358137,0.5716952517644169,0.4988718071566371,226.0715789794922,1
2024-07-08,226.0715789794922,226.1013475300368,221.53664465186893,225.34717053841652,59085900.0,AAPL,0.00653897911189838,220.83804016113282,215.12720489501953,211.01798553466796,0.021550999882052682,17.068023681640597,-0.02195741271659457,0.020191405300805015,0.8166379589723682,0.5925156364212661,226.92495727539065,1
2024-07-09,226.92495727539065,227.63943274976205,224.6326881041504,226.180713251394,48076100.0,AAPL,0.0037748145952298806,223.20572509765626,217.16544036865236,212.59528579711915,0.021548039575583575,11.838424682617216,-0.18633548782366016,0.013249951357103258,0.55040287924633,0.6462453633277051,231.1919403076172,1
2024-07-10,231.1919403076172,231.29117889263892,227.49057123987387,227.5401905323848,62627700.0,AAPL,0.018803498228924242,225.72820739746095,219.5380874633789,214.57299041748047,0.020711583268970796,12.612411499023466,0.3026784618552669,0.01643918748944308,0.5770170503966976,0.648019296205132,225.823486328125,0
2024-07-11,225.823486328125,230.60648662367137,224.0372976764276,229.61416127735984,64710600.0,AAPL,-0.023220766140675475,226.9229736328125,220.95909881591797,215.58615493774414,0.01589049581394509,5.9738311767578125,0.033258446342433245,0.029089927952394762,0.2717234726906814,0.46638113411123633,228.7706756591797,1
2024-07-12,228.7706756591797,230.8545649156238,226.92494993371523,227.16311346469493,53046500.0,AAPL,0.01305085391681704,227.75652770996095,222.59048156738282,216.45295028686525,0.01502495687067506,4.1677703857421875,-0.18025022175655925,0.01717709217138858,0.18556173085420458,0.34476741798052785,232.60104370117188,1
2024-07-15,232.60104370117188,235.40932611038664,231.3010999839828,234.66508213718532,62631300.0,AAPL,0.016743264979024897,229.0624206542969,224.95023040771486,217.453214263916,0.015289891228776761,6.5294647216796875,0.1806867559593941,0.017662113896968517,0.2888228918979685,0.2487026984809515,233.017822265625,1
2024-07-16,233.017822265625,234.4566908485081,230.54692694431867,233.1964335424589,43234300.0,AAPL,0.0017918172585182912,230.28099365234374,226.743359375,218.5611442565918,0.015011187109993414,6.092864990234347,-0.3097013793422777,0.01677881917432283,0.26849691031736844,0.24762717768984718,227.12342834472656,0
2024-07-17,227.12342834472656,229.6836295353235,224.9006141352506,227.68904591405493,57345900.0,AAPL,-0.025295893093444266,229.46729125976563,227.59774932861328,219.1669593811035,0.016048071223301992,-4.068511962890625,0.32639825323874794,0.021059101806147677,-0.17597983552009588,0.127113322231747,222.45950317382807,0
2024-07-18,222.45950317382807,228.67146993188885,220.5641731481692,228.51269423226464,66034600.0,AAPL,-0.020534760349864123,228.79449462890625,227.85873413085938,219.65766448974608,0.016614036657703005,-3.363983154296932,0.15151388329418491,0.03644392200851348,-0.14896515898302098,-0.01881602806191614,222.5885009765625,1
2024-07-19,222.5885009765625,225.0593965950336,221.56640705838356,223.0945966051545,49151500.0,AAPL,0.0005798709468196606,227.5580596923828,227.65729370117188,220.38355026245117,0.015647482882792364,-6.1821746826171875,-0.25567051212546155,0.015692587538553206,-0.27023457725968925,-0.19839319058760205,222.2412109375,0
2024-07-22,222.2412109375,226.0318862230092,221.3778775132773,225.26779139889447,48201800.0,AAPL,-0.0015602335140352253,225.48609313964843,227.27425689697264,221.2007308959961,0.01535430816892424,-10.359832763671875,-0.019321892515996475,0.020941249780360157,-0.4453906396474039,-0.2881967919633714,223.2831115722656,1
2024-07-23,223.2831115722656,225.19830728583617,220.97099179310996,222.64802398231987,39960300.0,AAPL,0.004688152257497302,223.53915100097657,226.91007232666016,222.03775634765626,0.015353950126992049,-9.734710693359403,-0.17097909206710127,0.01893253575229775,-0.41776678705127024,-0.3777973346527878,216.86279296875,0
2024-07-24,216.86279296875,223.0747598557794,215.46362561910504,222.28089648286087,61777600.0,AAPL,-0.028754161290150515,221.48702392578124,225.47715759277344,222.50762252807618,0.017010296779824012,-10.260635375976562,0.5459743795717249,0.035096542530332196,-0.45176472769700493,-0.4383073847985597,215.8208465576172,0
2024-07-25,215.8208465576172,219.15506035064124,212.97286249707204,217.2497823474704,51391200.0,AAPL,-0.00480463428912381,220.15929260253907,224.47689361572264,222.7179962158203,0.01655465642854737,-6.638656616210881,-0.1681256636709746,0.028645044962877328,-0.2984209045465447,-0.3893174730982733,216.2872314453125,1
2024-07-26,216.2872314453125,217.80548795978973,214.3521849755396,217.02154248476683,41601300.0,AAPL,0.0021609816434984275,218.89903869628907,223.22854919433593,222.90951538085938,0.01654302720797399,-6.30126953125,-0.19049759491897444,0.015966282249644956,-0.2830905237065007,-0.34442538531668343,216.5650787353516,1
2024-07-29,216.5650787353516,217.6169411297709,214.0941832894869,215.2949035637868,36311800.0,AAPL,0.00128462178826938,217.76381225585936,221.6249526977539,223.28759155273437,0.01603599918959934,-5.676132202148409,-0.12714746894928763,0.01626650917523467,-0.25540412501373067,-0.27897185108892536,217.12078857421875,1
2024-07-30,217.12078857421875,218.63904514115285,214.46134877521007,217.50779485320817,41643800.0,AAPL,0.0025660177629387437,216.53134765625,220.03524932861328,223.38930435180663,0.014709657451145988,-6.162322998046847,0.14683931944987583,0.019241346687144657,-0.2759869725325115,-0.27149387375091427,220.3756103515625,1
2024-07-31,220.3756103515625,222.10226187087767,218.936741656308,219.7405227481965,50036300.0,AAPL,0.014990834358687533,217.2339111328125,219.36046752929687,223.47910842895507,0.01464213772242707,3.5128173828125,0.20153059999327638,0.014364203958504148,0.16198340594639093,-0.1231358971999504,216.68414306640625,0
2024-08-01,216.68414306640625,222.7571687754724,215.35443086006643,222.64801239186647,62501000.0,AAPL,-0.016750797782328575,217.4065704345703,218.78293151855468,223.32083282470703,0.015075101078414446,0.8632965087890625,0.24911314385755934,0.03416372702979599,0.04000060803017069,-0.024667652851983284,218.1726531982422,1
2024-08-02,218.1726531982422,223.86860618805187,216.0391597412521,217.46809553371503,105568600.0,AAPL,0.006869492666935706,217.78365478515624,218.34134674072266,222.99932022094725,0.014269211135241981,1.8854217529296875,0.6890705748708021,0.03588647033450872,0.08717212478658976,0.09638537958771713,207.66392517089844,0
2024-08-05,207.66392517089844,211.8614570593827,194.49576385779395,197.56204548052773,119548600.0,AAPL,-0.04816702677120133,216.00342407226563,216.8836181640625,222.07893753051758,0.01754412636549795,-8.901153564453153,0.13242574022957587,0.08362402467013728,-0.4110151838159748,-0.09461415033307145,205.6395721435547,0
2024-08-06,205.6395721435547,208.3783997216886,199.52685967053256,203.72439154098564,69660500.0,AAPL,-0.009748217104525003,213.70718078613282,215.1192642211914,221.0146682739258,0.01748558667637182,-11.481216430664062,-0.4173039249309486,0.0430439528680641,-0.5287939725190993,-0.2842123438494948,208.209716796875,1
2024-08-07,208.209716796875,212.00039184379943,204.80603289763476,205.31211338628992,63516400.0,AAPL,0.012498298000377606,211.2740020751953,214.25395660400392,219.86555709838868,0.017090662565413757,-12.1658935546875,-0.08820063019932389,0.03455342554057328,-0.5520526311999496,-0.4972872625116746,211.6729278564453,1
2024-08-08,211.6729278564453,212.55609685346144,207.2273143208112,211.4744658055274,47161100.0,AAPL,0.016633282600105215,210.27175903320312,213.83916473388672,219.15802917480468,0.017187411452553366,-5.0112152099609375,-0.25749727629399655,0.0251746058724344,-0.23126820168032247,-0.43737160179979045,214.58041381835935,1
2024-08-09,214.58041381835935,215.11626278179816,210.3431808341057,210.4721879597238,42201600.0,AAPL,0.013735747841527868,209.55331115722657,213.6684829711914,218.44851608276366,0.017221906868007553,-3.592239379882841,-0.10516082110044078,0.022243791326326846,-0.16465122127926612,-0.3159906847198461,216.1103973388672,1
2024-08-12,216.1103973388672,218.0774716082045,214.1929998012183,214.65993379251097,38028100.0,AAPL,0.0071301172986038,211.24260559082032,213.62301483154297,217.62398376464844,0.016768481966363123,8.44647216796875,-0.09889435471640884,0.017974479038577847,0.4067375766406056,0.0036060512270056724,219.82598876953125,1
2024-08-13,219.82598876953125,220.44193777769505,217.5807279037812,217.5807279037812,44155300.0,AAPL,0.017193024844787574,214.07988891601562,213.8935348510742,216.96439208984376,0.01736883647042216,14.186416625976562,0.16112295907499985,0.013015794401423501,0.6898680287115733,0.3106514613576376,220.27305603027344,1
2024-08-14,220.27305603027344,221.57450454206744,218.2662343099079,219.13056699635615,41960600.0,AAPL,0.002033732513815334,216.4925567626953,213.8832794189453,216.6218734741211,0.01655907156612662,12.063339233398438,-0.04970411253009266,0.015018950986474116,0.5793840661705119,0.558663223840897,223.2534637451172,1
2024-08-15,223.2534637451172,223.87935717471936,221.30624816369337,223.13425172393931,46414000.0,AAPL,0.013530514210662759,218.80866394042968,214.54021148681642,216.66157150268555,0.016235863760315702,11.580535888671875,0.10613289609776788,0.011525505440594842,0.5470957484239869,0.605449281102024,224.5747833251953,1
2024-08-16,224.5747833251953,225.34969177239583,222.1904368144784,222.45867901826597,44340200.0,AAPL,0.005918472922716411,220.8075378417969,215.18042449951173,216.7608856201172,0.01628442511441457,9.994369506835966,-0.04468048433662253,0.014067719051709691,0.465763362507825,0.5307477257007746,224.41583251953125,0
2024-08-19,224.41583251953125,224.51518597934856,221.58442566604344,224.2469437652095,40687800.0,AAPL,-0.0007077856351925815,222.4686248779297,216.855615234375,216.86961669921874,0.016279664296080104,8.305435180664062,-0.08237220400449252,0.013059507791412382,0.3843144653350894,0.4657245254223004,225.0317840576172,1
2024-08-20,225.0317840576172,225.68748051768907,223.97870407222223,224.2966230198485,30299000.0,AAPL,0.0027446884258146564,223.50978393554686,218.79483642578126,216.95705032348633,0.016259860494894463,5.2057952880859375,-0.2553296074007442,0.0075934893047344965,0.23681436927567967,0.36229739903953134,224.9224853515625,0
2024-08-21,224.9224853515625,226.4921759358446,223.58130467937312,225.0417125280657,34765500.0,AAPL,-0.00048570341524156735,224.43966979980468,220.46611328125,217.36003494262695,0.01473891879062531,4.6494293212890625,0.14741410607610805,0.012941664111178974,0.21107571688886217,0.27740151716654377,223.064697265625,0
2024-08-22,223.064697265625,226.84983046212884,222.43880384726455,226.30341677619583,43695300.0,AAPL,-0.008259681476637137,224.40191650390625,221.60529022216798,217.72222747802735,0.01484191277847089,-0.1887664794921875,0.25685809207403887,0.019774651340779586,-0.008455254235504306,0.1464782773096792,225.35964965820312,1
2024-08-23,225.35964965820312,226.73064869689995,222.8660352522939,224.18735755669385,38677300.0,AAPL,0.010288281474882144,224.55888977050782,222.68321380615234,218.17584838867188,0.014964268238531113,0.7848663330078125,-0.11484072657700028,0.01714864861774237,0.03494899656081518,0.07918981973805768,225.6974029541016,1
2024-08-26,225.6974029541016,225.7967564120236,222.4288803537143,225.28014571740596,30602200.0,AAPL,0.0014987301249833607,224.81520385742186,223.64191436767578,218.63246459960936,0.014963681922122997,1.281570434570341,-0.20878137822443654,0.014922086006431329,0.05710695275739086,0.027866898360900578,226.5418701171875,1
2024-08-27,226.5418701171875,227.35652605602343,223.4223624308928,224.52511915345735,35934600.0,AAPL,0.0037415900760613408,225.11722106933593,224.3135025024414,219.1035186767578,0.014967604586943795,1.5100860595703125,0.17424891020906985,0.017366165570609642,0.0671054564978113,0.05305380193867245,225.01193237304688,0
2024-08-28,225.01193237304688,228.3599349118564,224.2072056969652,226.43259292076607,38052200.0,AAPL,-0.00675344360558694,225.1351104736328,224.78739013671876,219.33533477783203,0.014780797834760996,0.089447021484375,0.05892927707557627,0.01845559553706877,0.003976793220321628,0.04272973415850793,228.29039001464844,1
2024-08-29,228.29039001464844,231.3999685703833,227.38634017099784,228.59837969678284,51906300.0,AAPL,0.014570150156153483,226.1802490234375,225.29108276367188,219.91564712524413,0.014439997492091863,5.2256927490234375,0.3640814460136339,0.017581241151359527,0.234268031341629,0.10178342701992064,227.5055389404297,0
2024-08-30,227.5055389404297,228.89639643358683,225.99545426270925,228.68777538921813,52990800.0,AAPL,-0.0034379505601106475,226.60942687988282,225.58415832519532,220.3822914123535,0.014467762734597628,2.1458892822265625,0.020893417562030114,0.01275108370718469,0.09522065220997522,0.11115515892397528,221.31619262695312,0
2024-09-03,221.31619262695312,227.5055309941364,219.7266282681139,227.05847075546575,50190600.0,AAPL,-0.027205255495327485,225.73318481445312,225.2741943359375,221.06490478515624,0.010961558171678213,-4.381210327148466,-0.05284313503476079,0.03514836683972095,-0.194118774509755,0.045123303013949734,219.4087371826172,0
2024-09-04,219.4087371826172,220.33266071869627,216.06071952153204,220.21344869061124,43840200.0,AAPL,-0.008618689042564132,224.30655822753906,224.7118896484375,221.75336303710938,0.010893786081518758,-7.1331329345703125,-0.1265256840922404,0.019470241942136687,-0.3148704003758962,-0.137922840891892,220.92872619628903,1
2024-09-05,220.92872619628903,224.00848612752256,220.07433805346517,220.18362078658944,36615400.0,AAPL,0.006927659459644575,223.4899169921875,224.31251373291016,222.3893135070801,0.010716056230541041,-4.083206176757841,-0.16479851825493497,0.017807317960825107,-0.1814662064227024,-0.2301517937694512,219.37892150878903,0
2024-09-06,219.37892150878903,223.7700744804958,218.33577084564573,222.4884846157397,48423000.0,AAPL,-0.007014953257472922,221.70762329101564,223.94393615722657,222.77461318969728,0.010436382377146837,-8.911468505859403,0.3224763350939768,0.02477131165325905,-0.390356707756625,-0.29556443818507455,219.4683380126953,1
2024-09-09,219.4683380126953,219.82598924771256,215.2957503769675,219.37892899374344,67180000.0,AAPL,0.0004075893130084385,220.10018310546874,223.35480499267578,223.01900939941407,0.010055486690773156,-8.037200927734375,0.38735724758895573,0.02064187896881507,-0.353274956080909,-0.3083659567534121,218.67356872558597,0
2024-09-10,218.67356872558597,220.03462329185413,215.3156216628219,217.49133220778623,51591000.0,AAPL,-0.0036213391612933687,219.5716583251953,222.6524215698242,223.14716796875,0.010007645408449813,-2.642623901367159,-0.23204822863947605,0.021580118971553017,-0.11940490526246905,-0.2876788563666677,221.2069091796875,1
2024-09-11,221.2069091796875,221.63409569372263,216.46803428284608,220.01474349397893,44587100.0,AAPL,0.011585032744769519,219.93129272460936,222.11892547607422,223.21621398925782,0.009589184562501218,1.7981719970703125,-0.13575817487546282,0.023353978544495342,0.08195535055532721,-0.13024150359601694,221.31619262695312,1
2024-09-12,221.31619262695312,222.09110108310472,218.38544755210197,221.04795042006705,37455600.0,AAPL,0.0004940327030058533,220.0087860107422,221.74935150146484,223.26837081909179,0.009581192694791489,0.3874664306640909,-0.15994536536352444,0.0167437072137281,0.017538073809371113,-0.00663716029925691,221.04795837402344,0
2024-09-13,221.04795837402344,222.57790161811045,220.46181236980377,222.12091208096652,36766600.0,AAPL,-0.0012119956056799719,220.34259338378905,221.02510833740234,223.1580955505371,0.009061112746489294,1.6690368652344034,-0.01839511314729969,0.009572987074262669,0.07608009255198889,0.05852450563889574,214.90830993652344,0
2024-09-16,214.90830993652344,215.80243050187988,212.52396316355507,215.12686027714844,59357400.0,AAPL,-0.027775187260998924,219.4305877685547,219.76538543701173,222.6747718811035,0.01078215671046193,-4.560028076171875,0.6144381041488742,0.0152551911058868,-0.2077761246776333,-0.0380526527720911,215.37521362304688,1
2024-09-17,215.37521362304688,215.48449636527133,213.10016491936787,214.34200737227792,45519300.0,AAPL,0.0021725715802303203,218.7709167480469,219.1712875366211,222.2227409362793,0.010821482619229128,-3.298355102539091,-0.2331318420281212,0.011070593527426748,-0.15083464918790424,-0.09417689377118288,219.2497711181641,1
2024-09-18,219.2497711181641,221.25659276615585,216.1203190420684,216.13026348358335,59894900.0,AAPL,0.017989802215117034,218.37948913574218,219.15539093017577,221.93364028930665,0.01167627906596395,-1.957138061523409,0.3158132923836703,0.023426586481220445,-0.0884754490165407,-0.14902874096069274,227.3763885498047,1
2024-09-19,227.3763885498047,228.3202009731081,223.1640685098405,223.52171975466865,66781300.0,AAPL,0.03706556859875021,219.5915283203125,219.80015716552734,222.05633544921875,0.014484609732773868,6.0601959228515625,0.11497473073667375,0.02267663980483265,0.2738252384933504,0.011505046762968485,226.71075439453125,0
2024-09-20,226.71075439453125,231.56884144729943,226.1345376792504,228.4692075464048,318679900.0,AAPL,-0.0029274550427984547,220.72408752441407,220.53334045410156,222.23863830566407,0.014360678343786392,5.6627960205078125,3.7719930579368777,0.023970207247389942,0.25617952150121637,0.14717643699267535,224.9920196533203,0
2024-09-23,224.9920196533203,227.95256742425389,224.3363232868428,225.8563370350904,54146000.0,AAPL,-0.00758117869529884,222.74082946777344,221.08570861816406,222.22025680541992,0.014302170427766606,10.083709716796875,-0.8300928298270459,0.016072766238478985,0.46920985604396837,0.3330715386795117,225.88616943359372,1
2024-09-24,225.88616943359372,227.85325878901887,224.25687274556688,227.15781488965328,43556100.0,AAPL,0.003974139979058711,224.8430206298828,221.80696868896484,222.22969512939454,0.01432637454545408,10.510955810546847,-0.1955804676245706,0.015921231709182866,0.4880299656460596,0.40447311439708145,224.8927154541016,0
2024-09-25,224.8927154541016,225.8067097593972,222.55806053621265,223.4621103991307,42308700.0,AAPL,-0.004398029246249102,225.97160949707032,222.17554931640626,222.14723739624023,0.01433425968680357,5.6429443359375,-0.028638927727689167,0.014445328816564362,0.25737515287513224,0.4048716581883867,226.03518676757807,1
2024-09-26,226.03518676757807,227.008786948424,223.93895622483703,225.81662129607275,36636700.0,AAPL,0.005080072563353744,225.703369140625,222.64744873046874,222.1984001159668,0.01429664488579448,-1.3412017822266193,-0.13406226142613697,0.013581207277889576,-0.05898597434767727,0.22880638139117151,226.3034210205078,1
2024-09-27,226.3034210205078,228.0221418429688,225.8166284941723,226.9690618971705,34026000.0,AAPL,0.001186692464857586,225.6219024658203,223.1729949951172,222.09905166625975,0.013902509042711956,-0.4073333740234375,-0.071259147248524,0.009745824163200058,-0.017967095346282935,0.06014069439372401,231.47943115234372,1
2024-09-30,231.47943115234372,231.47943115234372,228.1512873446241,228.5387415800987,54541900.0,AAPL,0.02287199242722382,226.919384765625,224.83010711669922,222.29774627685546,0.01480965274955004,6.487411499023409,0.6029477458414154,0.014377708598779385,0.2883396268463012,0.070462185717447,224.73374938964844,0
2024-10-01,224.73374938964844,228.15128705136544,222.2798675150603,228.02214574584625,63285000.0,AAPL,-0.029141603334318478,226.68890075683595,225.76596069335938,222.46862411499023,0.015008535896021427,-1.152420043945284,0.16030061292327558,0.026126113911467543,-0.05101773370343787,0.07311826593219346,225.30003356933597,1
2024-10-02,225.30003356933597,225.8861795938886,221.56457676904253,224.41584231153624,32880600.0,AAPL,0.002519800346968415,226.7703643798828,226.37098693847656,222.76318893432617,0.014843531423259278,0.407318115234375,-0.48043612230386346,0.019181545410272255,0.018111663350763862,0.08514451883120906,224.197265625,0
2024-10-03,224.197265625,225.3298253274289,221.8626109260752,223.67072564154157,34044200.0,AAPL,-0.004894663914892794,226.40278015136718,226.0530746459961,222.9266159057617,0.014848481444636191,-1.8379211425780682,0.0353886486256334,0.015465016451864617,-0.08131128471019489,-0.038072451687622966,225.3199005126953,1
2024-10-04,225.3199005126953,226.5120662505933,222.66732681912907,226.41271278943103,37245100.0,AAPL,0.00500735316537293,226.2060760498047,225.9139892578125,223.22366485595703,0.014756859863327941,-0.9835205078125,0.09402188919111043,0.017063470304735057,-0.04346025806315046,-0.0355532931408605,220.2432403564453,0
2024-10-07,220.2432403564453,224.21713611955545,219.885589131397,223.0348997045567,39505400.0,AAPL,-0.022530900043442714,223.958837890625,225.439111328125,223.26240997314454,0.01570244724579915,-11.236190795898409,0.060687177642159584,0.01966710524758076,-0.48540774184396174,-0.2033930948724357,224.29661560058597,1
2024-10-08,224.29661560058597,224.5052366387564,221.79305702807565,222.83620769655573,31855700.0,AAPL,0.018404084672839938,223.8714111328125,225.28015594482423,223.54356231689454,0.01617859721101434,-0.4371337890624716,-0.19363681927027698,0.012091932833754555,-0.019451185691943262,-0.1827730618663518,228.04200744628903,1
2024-10-09,228.04200744628903,228.25064364916537,223.36275355639287,223.7601370790405,33591100.0,AAPL,0.01669838769378784,224.41980590820313,225.59508514404297,223.88531723022462,0.016387170496831943,2.741973876953068,0.05447690680160844,0.021434165343083747,0.12170321652922533,-0.1277185703355599,227.54527282714844,0
2024-10-10,227.54527282714844,228.00227752622936,225.68748134269669,226.2935010745161,28183500.0,AAPL,-0.002178259280837036,225.08940734863282,225.74609375,224.19677124023437,0.016407974575644406,3.3480072021484375,-0.1609831175519706,0.010172903856768233,0.14933309703020425,0.0838617092891621,226.0650177001953,0
2024-10-11,226.0650177001953,227.9128799953492,225.8563814846346,227.8035972460956,31759200.0,AAPL,-0.006505321374342898,225.23843078613282,225.72225341796874,224.44762420654297,0.016496754960765768,0.7451171875,0.1268721060194795,0.009096933845120139,0.033069302170138926,0.10136853857652284,229.79052734375,1
2024-10-14,229.79052734375,230.21771386522883,227.1081507143634,227.20748901369805,39882100.0,AAPL,0.016479814884474475,227.14788818359375,225.55336303710936,225.1917350769043,0.015324745181906468,9.547286987304688,0.25576525857074484,0.013532164214122478,0.43348830919183623,0.20529690279739313,232.3238983154297,1
2024-10-15,232.3238983154297,235.9401430278398,230.8535458975589,232.085459100832,64751400.0,AAPL,0.01102469714902532,228.7533447265625,226.3123779296875,226.03916931152344,0.015413042047827792,8.027282714843722,0.6235704739720325,0.02189442053600001,0.35788692991864934,0.2748148470935415,230.26739501953125,0
2024-10-16,230.26739501953125,230.60517253033711,228.3400530967301,230.0885769817669,34082200.0,AAPL,-0.008851880115692157,229.19842224121095,226.80911407470703,226.5900505065918,0.015290397320725253,2.225387573242216,-0.47364535747489633,0.009836909100460789,0.09758673843310861,0.29632065918119804,230.63497924804688,1
2024-10-17,230.63497924804688,232.3238971476739,229.0156269629083,231.9066247344228,32993800.0,AAPL,0.001596336417860833,229.8163635253906,227.45288543701173,226.75298004150392,0.01295718914207104,3.0897064208984375,-0.031934558215138686,0.014344182289918713,0.13578424998727634,0.1970859727796781,233.4663848876953,1
2024-10-18,233.4663848876953,234.63867690560429,232.4828401919167,234.63867690560429,46431500.0,AAPL,0.012276566411911327,231.29663696289063,228.2675338745117,227.09076156616212,0.013171736217989751,7.4013671875,0.40727954949111655,0.00923403476146948,0.3273999340010936,0.1869236408071595,234.93670654296875,1
2024-10-21,234.93670654296875,235.3043021987925,232.91995571367767,232.91995571367767,36254500.0,AAPL,0.0062977873923080185,232.32587280273438,229.73688049316405,227.58799591064454,0.013030080499870398,5.14617919921875,-0.21918309768153088,0.01014888869517181,0.22395088512593198,0.22904502303810062,234.3207550048828,0
2024-10-22,234.3207550048828,234.67840621577704,231.08203554343612,232.3636102062686,38846600.0,AAPL,-0.0026217765080199795,232.725244140625,230.73929443359376,228.00972518920898,0.013067453542669798,1.996856689453125,0.07149733136576142,0.015348067106842425,0.0859514111088977,0.21243407674530776,229.2540435791016,0
2024-10-23,229.2540435791016,233.60546433739609,226.27362172475395,232.55238437433343,52287000.0,AAPL,-0.0216229732858092,232.52257385253907,230.860498046875,228.227791595459,0.014037153420377759,-1.013351440429659,0.3459865213429232,0.0319813011721748,-0.04400759561915879,0.08863156687189029,229.06529235839844,0
2024-10-24,229.06529235839844,229.31366084202813,226.91938502162785,228.4791312160334,31109500.0,AAPL,-0.0008233277710455456,232.20863647460936,231.0125,228.379296875,0.014010097875930322,-1.5696868896484375,-0.4050241933941515,0.010452372752543267,-0.06805935919894646,-0.008705181236402515,229.8998260498047,1
2024-10-25,229.8998260498047,231.69801159617745,228.0718374956409,228.24072625952675,38802300.0,AAPL,0.003643213176531823,231.49532470703124,231.39598083496094,228.55911712646486,0.014024799278625094,-3.566558837890625,0.2472813770713127,0.015772844037520054,-0.15276541158617984,-0.08827745546809503,231.87681579589844,1
2024-10-28,231.87681579589844,233.19813797949908,231.032372026897,231.7973512193415,36087100.0,AAPL,0.008599352944553607,230.8833465576172,231.60460968017577,228.57898635864257,0.013184980635107516,-3.0598907470703125,-0.0699752334268845,0.009340157381272706,-0.1302431957992345,-0.11702265552812026,232.14505004882807,1
2024-10-29,232.14505004882807,232.80074647701065,230.8038693466829,231.5787777948225,35417200.0,AAPL,0.001156796344683908,230.44820556640624,231.58672485351562,228.94955139160157,0.011236700274654477,-2.1757049560547443,-0.018563420169534273,0.008601850997502419,-0.09285156818521711,-0.12528672519021047,228.59835815429688,0
2024-10-30,228.59835815429688,231.94636045913165,228.0519444590485,231.09197226998216,47070900.0,AAPL,-0.015277913071095828,230.31706848144532,231.4198211669922,229.1144676208496,0.011854749190802951,-0.6556854248047159,0.32904069209310727,0.017036062863822185,-0.028600822675499682,-0.08389852888665043,224.4357147216797,0
2024-10-31,224.4357147216797,228.33013097812315,223.8992302731352,227.84332326136388,64370100.0,AAPL,-0.018209419639871327,229.39115295410156,230.79989471435547,229.1263900756836,0.01254479954898359,-4.62957763671875,0.367513686800125,0.019742404681370167,-0.2021073375653637,-0.1078532428086935,221.4552764892578,0
2024-11-01,221.4552764892578,223.8793552942412,218.83250593091051,219.5279346472888,65276700.0,AAPL,-0.013279696754671555,227.70224304199218,229.59878387451172,228.93315887451172,0.012833570581732916,-8.444549560546875,0.014084178834583128,0.022789474440793024,-0.3673143083943642,-0.19934082287840918,220.5611572265625,0
2024-11-04,220.5611572265625,221.3360657336285,218.27617915451208,219.5478246614517,44944500.0,AAPL,-0.004037471027422912,225.439111328125,228.1612289428711,228.94905471801758,0.011809784921039772,-11.315658569335938,-0.311477142686441,0.013873188813446714,-0.48800301705437255,-0.3524748876713668,221.99176025390625,1
2024-11-05,221.99176025390625,222.48849724939907,219.69683776020292,220.3525342324639,28111300.0,AAPL,0.006486196596593885,223.40845336914063,226.92832946777344,228.83381195068358,0.011120176185918398,-10.153289794921818,-0.37453303518784276,0.0125755094964027,-0.43736835193282086,-0.43089522579385253,221.2665100097656,0
2024-11-06,221.2665100097656,224.5946536653585,219.7464961432124,221.15722727351368,54561100.0,AAPL,-0.0032670142500385024,221.94208374023438,226.12957611083985,228.49503707885742,0.010369865984660796,-7.331848144531278,0.9408956540608224,0.021910941343686048,-0.32073056883385465,-0.41536731260701604,225.99545288085935,1
2024-11-07,225.99545288085935,226.39285156162416,223.10445516924477,223.16406118155703,42137700.0,AAPL,0.021372158266901975,222.2540313720703,225.82259216308594,228.41754608154298,0.011553096851110356,1.559738159179659,-0.22769702223745492,0.014550719275369514,0.06949598735272122,-0.22953431113798475,225.7269287109375,0
2024-11-08,225.7269287109375,227.4176895436531,225.17991383614745,225.9357792784742,38328800.0,AAPL,-0.0011881839501585167,223.10836181640624,225.40530242919922,228.40064163208007,0.011463085503495122,4.2716522216796875,-0.0903917394637106,0.009913640876987742,0.19289006292369404,-0.019448172852479795,223.01173400878903,0
2024-11-11,223.01173400878903,224.4737485807484,220.29657059338743,223.777554778836,42005600.0,AAPL,-0.012028669851905427,223.59847717285157,224.51879425048827,228.06170196533202,0.0110701323184967,2.450576782226534,0.09592786625200889,0.018730754262447698,0.11110645287870424,0.1244975010517065,223.01173400878903,0
2024-11-12,223.01173400878903,224.36434561359883,222.1464656532613,223.3300027044557,40398300.0,AAPL,0.0,223.80247192382814,223.60546264648437,227.59609375,0.010684681252702864,1.019973754882784,-0.038263945759613005,0.009945126744990615,0.04594646908138378,0.11664766162792735,223.89691162109372,1
2024-11-13,223.89691162109372,225.4185978724207,221.54973296285613,222.79294167641655,48566200.0,AAPL,0.003969197478504993,224.3285522460937,223.13531799316405,227.27756958007814,0.010635758315264938,2.630401611328125,0.2021842503273652,0.017279670726820656,0.11887933746557611,0.09197741980855471,226.9800720214844,1
2024-11-14,226.9800720214844,227.6265344728401,223.77756520755415,223.7974607959322,44923900.0,AAPL,0.01377044630972124,224.52547607421874,223.38975372314454,227.09482421875,0.011149118887270944,0.9846191406250568,-0.07499660257545371,0.016957300396493076,0.04356809520163818,0.06946463391619935,223.77757263183597,0
2024-11-15,223.77757263183597,225.68713943052103,223.0515429787679,225.16996034674557,47923700.0,AAPL,-0.014109165448433325,224.13560485839844,223.62198333740236,226.61038360595703,0.011088846260773118,-1.949356079101534,0.0667751464142694,0.011777750651041606,-0.08635903966946912,0.025362797665915055,226.7811584472656,1
2024-11-18,226.7811584472656,228.49181480220403,223.94663659117117,224.0262037676668,44633700.0,AAPL,0.013422193207767164,224.88948974609374,224.24398345947264,226.20260620117188,0.011478984256594715,3.7694244384765625,-0.06865079282275788,0.020042133315452536,0.1690235921993244,0.04207754924383115,227.03973388671875,1
2024-11-19,227.03973388671875,228.90952454109907,225.42854034251505,225.7467938634959,36211800.0,AAPL,0.0011401980712311133,225.6950897216797,224.7487808227539,225.83855514526368,0.011493937232137994,4.027999877929716,-0.18868926394181973,0.015332048443647571,0.18061829328545498,0.08776094860510342,227.7558441162109,1
2024-11-20,227.7558441162109,228.68078414631773,224.6627401240164,226.82094870348703,35169600.0,AAPL,0.0031541185202828004,226.4668762207031,225.39771423339843,225.76364517211914,0.010505228508877903,3.8589324951171875,-0.028780673703047044,0.017641892079182587,0.17235309174999935,0.17399832574492624,227.2784423828125,0
2024-11-21,227.2784423828125,228.9095315645878,224.48371169719937,227.63648708983084,42108300.0,AAPL,-0.0020961118923246147,226.52655029296875,225.52601318359376,225.67430267333984,0.010512575404012596,0.2983703613280966,0.19729254810973118,0.019473117736058258,0.01314522277972685,0.12203886927172707,228.62110900878903,1
2024-11-22,228.62110900878903,229.46649702017743,226.82094518602503,226.82094518602503,38168300.0,AAPL,0.005907584599312843,227.49525756835936,225.8154312133789,225.61036682128906,0.010569758171800765,4.843536376953068,-0.09356825138986846,0.011571774127168175,0.21644422718454237,0.13398084723808953,231.60482788085935,1
2024-11-25,231.60482788085935,231.98276822235076,228.49184328283928,230.2024998510045,90152800.0,AAPL,0.013050933419956445,228.45999145507812,226.67474060058595,225.5967674255371,0.010809530882887499,4.82366943359375,1.361981015659592,0.015072764119179984,0.21270150777166208,0.14743031924531044,233.7829132080078,1
2024-11-26,233.7829132080078,234.29015208323423,232.0623165721609,232.0623165721609,45986200.0,AAPL,0.009404317462107903,229.80862731933593,227.75185852050782,225.67866058349608,0.01101154362567408,6.7431793212890625,-0.4899082446690508,0.009529505302601441,0.29700437037393446,0.2420500351100463,233.6536102294922,0
2024-11-27,233.6536102294922,234.40949083683984,232.53970008294309,233.19611792325415,33498400.0,AAPL,-0.0005530899446042348,230.9881805419922,228.72752838134767,225.93142318725586,0.010381734153462977,5.897766113281278,-0.27155537965737553,0.008002404722359144,0.2589512526524662,0.25621904359935427,236.0405731201172,1
2024-11-29,236.0405731201172,236.5179610009136,232.69882760276832,233.53426018813377,28481400.0,AAPL,0.010215818571262636,232.74060668945313,229.63357849121093,226.51166610717775,0.009500941605917029,8.762130737304688,-0.14976834714493825,0.01617998697284042,0.3855240578667085,0.31382656029770306,238.28829956054688,1
2024-12-02,238.28829956054688,239.4817769036961,235.8715090788613,235.9809120539101,48137100.0,AAPL,0.009522627447976273,234.67404479980468,231.08465118408202,227.3533172607422,0.008844771938819903,9.667190551757841,0.6901240809791653,0.015150839682405267,0.42284767988708394,0.35577433013541954,241.3316802978516,1
2024-12-03,241.3316802978516,241.441083276618,237.60205398884364,238.50711361537608,38861000.0,AAPL,0.012771842943683609,236.61941528320312,232.53970336914062,228.39184341430663,0.008868760371032418,9.726852416992244,-0.19270167916222625,0.015907688882935866,0.41997623736910406,0.4094493250409655,241.6897125244141,1
2024-12-04,241.6897125244141,242.78374225546824,239.9392801306149,241.55047375645148,44383900.0,AAPL,0.0014835691116914518,238.20077514648438,234.00470123291015,229.37674102783203,0.008881734098503253,7.906799316406278,0.14211934844702911,0.011769065779190001,0.33821117240382836,0.39367836322000543,241.71957397460935,1
2024-12-05,241.71957397460935,243.2114245793576,240.81452947473787,242.6644248316612,40033900.0,AAPL,0.0001235528392307117,239.8139678955078,235.40107421875,230.3993942260742,0.008761297742408716,8.065963745117159,-0.09800851209560224,0.009916015758291543,0.34521031954930503,0.36779924310741247,241.5206451416016,0
2024-12-06,241.5206451416016,243.3009285590703,240.76477968960373,241.5902721155965,36870600.0,AAPL,-0.000822973620781986,240.90998229980468,236.8252944946289,231.17565383911133,0.00786732043977258,5.480072021484403,-0.07901553433465136,0.010500753954096283,0.23216652751879563,0.305196006490643,245.40939331054688,1
2024-12-09,245.40939331054688,245.89673657618508,240.43655859300796,240.51612576959505,44649200.0,AAPL,0.016101100453194572,242.33420104980468,238.50412292480468,232.1597770690918,0.008280638233577938,7.12109375,0.21097025814605685,0.02224926238364348,0.2988436177157161,0.2920734882612723,246.42385864257807,1
2024-12-10,246.42385864257807,246.86147053083656,244.00705305092785,245.54863486606115,36914800.0,AAPL,0.004133767327917592,243.35263671875,239.98602600097655,233.33038330078125,0.0073473695145062365,5.092178344726477,-0.17322594805730007,0.011583364921043839,0.21100331040009745,0.24733781854486972,245.15081787109372,0
2024-12-11,245.15081787109372,249.43739908317045,244.9220565413804,246.61283253090065,45205800.0,AAPL,-0.005166061348510942,244.04485778808595,241.12281646728516,234.43733749389648,0.007619269513797776,3.4611053466796307,0.22459826411087147,0.01841863135926518,0.14320449598490992,0.21768380803357448,246.61282348632807,1
2024-12-12,246.61282348632807,247.38858448031883,244.3451969163318,245.54862958315107,32777500.0,AAPL,0.005963698705680365,245.02350769042965,242.4187377929687,235.5731330871582,0.007621272378710408,4.893249511718722,-0.274927111122909,0.012340751470110642,0.20243497170124636,0.1855475926954179,246.7819061279297,1
2024-12-13,246.7819061279297,247.9355922748061,244.90217516923997,246.47359279661413,33155300.0,AAPL,0.0006856198279201475,246.07575988769526,243.49287109374995,236.56322479248047,0.007374731224378157,5.261260986328097,0.011526199374571,0.012291894301171521,0.21783897534902064,0.1878261476783923,249.67608642578125,1
2024-12-16,249.67608642578125,250.01425073054844,246.3045049916291,246.6426692963963,51694800.0,AAPL,0.011727684347941025,246.92909851074214,244.6316497802734,237.85815048217773,0.006158212919657282,4.266693115234375,0.5591715351693394,0.01485823409052071,0.1738602201683137,0.19804472240619356,252.1028289794922,1
2024-12-17,252.1028289794922,252.45093348613432,248.4229342596344,248.721307383058,51356400.0,AAPL,0.009719563408938203,248.064892578125,245.70876464843747,239.12423400878907,0.0059602601798135245,5.678970336914119,-0.006546112955268191,0.01597760422921551,0.23045537750267409,0.20738485767333614,246.70236206054688,0
2024-12-18,246.70236206054688,252.89851058988316,246.39404870034855,250.7900332807421,56774100.0,AAPL,-0.02142168313146786,248.3752014160156,246.21002960205072,240.10736541748048,0.008420892423815617,1.5515441894531534,0.1054922073977147,0.026365624695308974,0.06328937439111337,0.1558683240207004,248.43289184570312,1
2024-12-19,248.43289184570312,250.63089166027345,245.74756389880645,246.15534002348284,60882300.0,AAPL,0.0070146461943139116,248.7392150878906,246.8813613891601,241.14121780395507,0.008439994612566656,1.8200683593750568,0.07236046013939457,0.019656526658716117,0.07380266498899113,0.12251580562759286,253.10736083984372,1
2024-12-20,253.10736083984372,253.6145845456153,244.35516822034683,246.69239156062656,147495300.0,AAPL,0.018815821686944068,250.00430603027343,248.04003295898434,242.43266372680665,0.008878347871862525,6.325454711914034,1.422630222577005,0.036582959478319764,0.25631760493149747,0.13113654810386732,253.8831024169922,1
2024-12-23,253.8831024169922,254.26102752773247,252.07298333460636,253.38581895601413,40858800.0,AAPL,0.0030648716598935533,250.84570922851563,248.88740386962886,243.6957633972168,0.008893108277331224,4.2070159912109375,-0.7229823594378939,0.008618313595098322,0.16849895604485576,0.1662064086551148,256.7972106933594,1
2024-12-24,256.7972106933594,256.80713572411884,253.90300191480816,254.10192745486225,23234700.0,AAPL,0.011478149780842495,251.78458557128906,249.924739074707,244.95538253784179,0.008827597732977692,4.6943817138671875,-0.4313415959352698,0.011309055115783537,0.18620900578029786,0.2036751889188837,257.6127319335937,1
2024-12-26,257.6127319335937,258.6868812844183,256.23029959445824,256.78725468311694,27237100.0,AAPL,0.0031757402583634242,253.96665954589838,251.17093048095703,246.1468734741211,0.008781704817982348,10.910369873046818,0.1722595944858336,0.009535948287654096,0.4422482939327965,0.26565208525265005,254.20135498046875,0
2024-12-27,254.20135498046875,257.29447387899233,251.68510189149424,256.4291751646687,42355300.0,AAPL,-0.013242268452804185,255.1203521728515,251.9297836303711,247.17426071166992,0.009615357464416777,5.768463134765625,0.555059092194103,0.02206664865310841,0.2321940179462345,0.28688377255310965,250.82977294921875,0
2024-12-30,250.82977294921875,252.1227129740064,249.3876539575231,250.8596087426004,35557500.0,AAPL,-0.013263430604093518,254.66483459472656,252.3345703125,247.913720703125,0.010262406171509536,-2.2775878906249716,-0.16049467244949278,0.010904044541143893,-0.08998505152389202,0.19481908678504634,249.05946350097656,0
2024-12-31,249.05946350097656,251.9039256958292,248.07483671879717,251.0684930674946,39480700.0,AAPL,-0.007057812266172192,253.70010681152343,252.27290802001954,248.4522789001465,0.010384668964866978,-4.823638916015625,0.11033396611122837,0.01537419587759216,-0.18999448447313383,-0.01592850601693045,242.5251617431641,0
2025-01-02,242.5251617431641,247.74663833648884,240.5061920078161,247.57754859678104,55740700.0,AAPL,-0.026235910356350867,250.84569702148437,251.3151412963867,248.5119529724121,0.011864934155044702,-14.272048950195284,0.41184680109521876,0.02985441294681175,-0.5557711827032841,-0.2785835729001033,242.03781127929688,0
2025-01-03,242.03781127929688,242.853348279154,240.5757966624965,242.03781127929688,40244100.0,AAPL,-0.0020094841309015177,247.730712890625,250.84868621826172,248.52935791015625,0.011872516650679241,-15.574920654296818,-0.27801229622161183,0.009409900067346762,-0.6045866032084024,-0.45011742346160677,243.6688995361328,1
2025-01-06,243.6688995361328,245.98624232017477,241.8786760145675,242.9826459215422,45045600.0,AAPL,0.006738981187339288,245.6242218017578,250.37228698730468,248.62682418823243,0.011963859307472681,-10.532455444335938,0.1193094142992388,0.01685716278698984,-0.41433514172830366,-0.5248976425466634,240.89405822753903,0
2025-01-07,240.89405822753903,244.2159080685743,240.0387300769128,241.65986382248772,40856000.0,AAPL,-0.011387753274530232,243.63707885742187,249.1509567260742,248.5954948425293,0.012253675037654241,-9.935714721679716,-0.09300797414175854,0.017340311431492,-0.3961138506349182,-0.4716785318572081,241.38140869140625,1
2025-01-08,241.38140869140625,242.38593107741448,238.74581220273615,240.6056476428208,37628900.0,AAPL,0.002023090430096408,242.10146789550782,247.90078735351562,248.39409561157225,0.011666859675149313,-7.6780548095703125,-0.07898717446641867,0.015080361384964993,-0.30828199425316005,-0.37291032887212733,235.5631866455078,0
2025-01-10,235.5631866455078,238.8552008004512,231.73409784256123,238.70600665338927,61710900.0,AAPL,-0.024103853223164884,240.70907287597657,245.77738494873046,247.85106201171874,0.012705560892088586,-6.961975097656278,0.6399868186420543,0.030230118123704595,-0.2870619711215394,-0.3304859386698726,233.12648010253903,0
2025-01-13,233.12648010253903,233.39501742033124,228.47191419887116,232.2612117379593,49630700.0,AAPL,-0.010344173797562473,238.926806640625,243.328759765625,247.249845123291,0.01282196458144228,-8.911331176757841,-0.19575472080296996,0.021117734970710705,-0.36817929932752125,-0.3211744215674069,232.0125732421875,0
2025-01-14,232.0125732421875,234.83713969366363,231.2069764534674,233.47458784982285,39435300.0,AAPL,-0.0047781224160446945,236.59554138183594,241.10988159179686,246.51983261108398,0.012675878589219047,-11.656326293945312,-0.20542527105199004,0.01564640738847744,-0.47836742055039516,-0.3778695636664853,236.57763671875,1
2025-01-15,236.57763671875,237.66172623332488,233.15632396556444,233.36518970349533,39832000.0,AAPL,0.0196759314065158,235.7322570800781,239.68466796875,246.009619140625,0.013638806344503835,-4.316421508789034,0.010059515205919523,0.01904407504550648,-0.1791833945821908,-0.34191003815336907,227.0198516845703,0
2025-01-16,227.0198516845703,236.7168796666606,226.7911055301388,236.06047699847065,71759100.0,AAPL,-0.040400205052104066,232.85994567871094,237.48070678710937,244.87680740356444,0.015698553431595864,-14.361557006835938,0.8015439847358907,0.04372205365684508,-0.5949736180882281,-0.417508144406938,228.73049926757807,1
2025-01-17,228.73049926757807,231.0279464573329,227.23864886634652,230.85887189963304,68488300.0,AAPL,0.007535233462246271,231.49340820312494,236.1012405395508,243.7081909179687,0.015600784312072898,-6.832687377929744,-0.045580281803980216,0.01656664766229314,-0.2900575202445388,-0.3547381776383192,221.43038940429688,0
2025-01-21,221.43038940429688,223.20071739531107,218.1881065481907,222.783001089375,98070400.0,AAPL,-0.031915769373376146,229.15419006347656,234.04049835205078,242.4445922851562,0.016349994624748326,-11.696090698242159,0.43192924922943043,0.022637411516122793,-0.501705799062282,-0.46224564579834965,222.6139373779297,1
2025-01-22,222.6139373779297,222.9023551356524,218.5958781281944,218.5958781281944,64126500.0,AAPL,0.005345011481110884,227.274462890625,231.93500213623048,241.15364456176752,0.016288163899865576,-9.398635864257812,-0.3461176868861553,0.01934504666770676,-0.4050916608923172,-0.39895166006637933,222.44485473632807,0
2025-01-23,222.44485473632807,225.7965406078772,221.09224303438072,223.51898889751175,60234800.0,AAPL,-0.0007595330444857273,224.44790649414062,230.09008178710937,239.62051925659176,0.015319286706239072,-14.132781982421932,-0.06068785915339214,0.02114815188273365,-0.5973845279054579,-0.5013939959533523,221.56964111328125,0
2025-01-24,221.56964111328125,224.4041632112556,220.207089142254,223.5587751677507,54697900.0,AAPL,-0.0039345195198344785,223.3578643798828,228.10890502929686,238.00484619140622,0.015172781334523745,-5.4502105712890625,-0.09192194545345878,0.01894246002256131,-0.24007638674972687,-0.4141841918491673,228.6111602783203,1
2025-01-27,228.6111602783203,230.8887119218524,222.76310174211312,222.80289291870477,94863400.0,AAPL,0.03178016234380676,223.33399658203126,227.41370239257813,236.59554367065425,0.01701798871986989,-0.11933898925775566,0.7343152113700893,0.035543366167455875,-0.005217449777790151,-0.280892788144325,236.96551513671875,1
2025-01-28,236.96551513671875,238.88503723433337,229.55599442275545,229.5957855991,75707600.0,AAPL,0.03654395020885026,226.44102172851564,227.7976058959961,235.5631828308105,0.019398752314629456,15.535125732421875,-0.2019303545940795,0.039368778221571483,0.7015805632738692,0.1520955755821174,238.05953979492188,1
2025-01-29,238.05953979492188,238.5568232574634,232.73860067537265,232.8480036441672,45486100.0,AAPL,0.004616809570674896,229.53014221191407,228.40230255126954,234.75609207153315,0.019361422021511164,15.445602416992188,-0.39918713576972453,0.02444019923378372,0.6938290836108041,0.4633973990356277,236.29916381835935,0
2025-01-30,236.29916381835935,239.4817751014353,235.9212386876704,237.37329797187644,55658300.0,AAPL,-0.007394687808264355,232.3010040283203,228.37445526123048,234.0295616149902,0.01924333821089255,13.854309082031278,0.22363315386458726,0.015067917957178323,0.622819938831729,0.6727431952388008,234.71780395507807,0
2025-01-31,234.71780395507807,245.8470107317681,232.1717149504871,245.8470107317681,100959800.0,AAPL,-0.00669219407182009,234.93063659667968,229.14425048828124,233.31247863769528,0.01923925682555444,13.148162841796818,0.8139217331467186,0.05826271186440674,0.5934099444189922,0.6366863222871751,226.7711944580078,0
2025-02-03,226.7711944580078,230.5704473180637,224.4737473364884,228.7404478557844,73063300.0,AAPL,-0.03385601502385871,234.5626434326172,228.9483200073242,232.52478027343744,0.019795524211991405,-1.8399658203125,-0.27631294832200537,0.026884807817618407,-0.08048451431996839,0.3785817896435843,231.5352020263672,1
2025-02-04,231.5352020263672,231.86341095944584,225.4186058340825,226.0153521080233,45067300.0,AAPL,0.021007992570421186,233.47658081054686,229.95880126953125,231.99964981079097,0.020522055391526454,-5.4303131103515625,-0.38317458970509133,0.027835098373634768,-0.22916047962584396,0.09458831682439328,231.20697021484372,0
2025-02-05,231.20697021484372,231.4058805611787,227.02979223826367,227.2883741709104,39620300.0,AAPL,-0.001417632431918836,232.10606689453124,230.81810455322267,231.37655334472652,0.020419725770838972,-6.852569580078153,-0.12086368608725173,0.01892714704426361,-0.2878510806994483,-0.19916535821508688,231.95291137695312,1
2025-02-06,231.95291137695312,232.5297620441898,229.1780610151748,230.03338922164468,29925300.0,AAPL,0.0032262918432617305,231.23681640625,231.76891021728517,230.92949600219723,0.02034337154676531,-4.346252441406222,-0.24469779380771983,0.014449920068336893,-0.18393008130774158,-0.23364721387767795,226.39329528808597,0
2025-02-07,226.39329528808597,232.72868233994456,226.02529517161955,231.33629458433444,39707200.0,AAPL,-0.02396872734152522,229.57191467285156,232.25127563476562,230.1800903320312,0.02091570639239519,-8.324508666992102,0.32687725770501874,0.02960947743525237,-0.3546602995904524,-0.2754804871992141,226.6620941162109,1
2025-02-10,226.6620941162109,229.5893382538889,226.21404995469493,228.5737755391387,33115600.0,AAPL,0.0011873091373262312,229.5500946044922,232.05636901855468,229.73503570556636,0.020328393145838605,-0.10910034179690342,-0.16600515775476488,0.014891278192565598,-0.004811031756376538,-0.18113380421819017,231.61053466796875,1
2025-02-11,231.61053466796875,234.2092091135714,227.1400288616486,227.2097171947109,53718400.0,AAPL,0.02183179578858363,229.5651611328125,231.5208709716797,229.65923843383786,0.020876369927583183,0.0753326416015625,0.622147869886096,0.030521842463068476,0.0032536150417850074,-0.11873923876834798,235.8420867919922,1
2025-02-12,235.8420867919922,235.9317077791751,229.6789461531513,230.19669384296432,45243300.0,AAPL,0.018270119405793483,230.4921844482422,231.29912567138672,229.85071411132807,0.02123861264289641,4.635116577148466,-0.15776903258473818,0.02651249279157972,0.20047477689973503,0.06630578672838117,240.48187255859372,1
2025-02-13,240.48187255859372,241.2883551100076,234.5477446540096,235.8819260401158,53614100.0,AAPL,0.019673273034993555,232.1979766845703,231.71739654541017,230.04592590332027,0.0212384898432456,8.528961181640597,0.1850174500975834,0.0280295990058695,0.3677022690083831,0.19047688698330104,243.5385589599609,1
2025-02-14,243.5385589599609,244.484433375407,239.94422402720735,240.2030902821229,40896200.0,AAPL,0.012710672820557045,235.6270294189453,232.59947204589838,230.8718612670898,0.018986027725944606,17.145263671874943,-0.23721185285214152,0.018642671483270493,0.7573220598276809,0.44183303524526635,243.40911865234372,0
2025-02-18,243.40911865234372,244.11602908498716,240.7905267294893,243.0905000064508,48822500.0,AAPL,-0.0005314982077990749,238.97643432617187,234.26326446533199,231.6057922363281,0.01898571334174717,16.747024536132812,0.19381507328309233,0.013662192993877144,0.7388542226891515,0.6212928505084051,243.807373046875,1
2025-02-19,243.807373046875,244.9424253685456,242.1048021606556,243.5982928571997,32204200.0,AAPL,0.0016361523213930251,241.41580200195312,235.49048156738277,232.72464141845703,0.017100246744837278,12.19683837890625,-0.3403819960059399,0.011638791610065197,0.526609827847051,0.6742620367879611,244.76319885253903,1
2025-02-20,244.76319885253903,245.70907319749276,243.2298733230768,243.8770617009929,32316900.0,AAPL,0.003920413864925587,243.2000244140625,236.8461044311523,233.8321044921875,0.017101541964921824,8.921112060546847,0.0034995435377993545,0.010128973170961035,0.3782663298945055,0.547910126810236,244.4844207763672,0
2025-02-21,244.4844207763672,247.6107939080121,244.155851012499,244.88267886995575,53197400.0,AAPL,-0.0011389705539017747,244.0005340576172,238.0992553710937,234.93408279418946,0.01710835126940089,4.002548217773466,0.646117047117762,0.014131546233260362,0.16643866646531613,0.3571049414022909,246.0277099609375,1
2025-02-24,246.0277099609375,247.7800669312537,243.3593319822528,243.86711335623195,51326400.0,AAPL,0.006312423424239322,244.4983642578125,240.06269683837886,236.15698623657227,0.016983671051884867,2.489151000976591,-0.035170891810502036,0.017968443268861094,0.1022076755158019,0.2156375572918745,245.9679718017578,0
2025-02-25,245.9679718017578,248.91513366913293,243.84722519384715,246.92381259977984,48013300.0,AAPL,-0.000242810694735085,245.0101348876953,241.99328460693354,237.02482681274415,0.01583501645241259,2.558853149414091,-0.06454962748215343,0.02060393651320728,0.10512560760177703,0.12459064986096502,239.31695556640625,0
2025-02-26,239.31695556640625,243.91690216055417,238.0922974197643,243.26972892021308,44433600.0,AAPL,-0.0270401718834844,244.11205139160157,242.7639266967773,237.14239883422852,0.015285129761515982,-4.49041748046875,-0.07455642499057558,0.02433845410996654,-0.18417890420423855,0.007718126304446793,236.27023315429688,0
2025-02-27,236.27023315429688,241.4078448384303,236.0312691715791,238.3710773588995,41153600.0,AAPL,-0.012730909119658906,242.41345825195313,242.80674133300778,237.05293350219728,0.015535683252005036,-8.492965698242159,-0.07381801159482915,0.022756043345248635,-0.34698703637056405,-0.14201344432434185,240.79052734375,1
2025-02-28,240.79052734375,241.03944246427383,229.2010399398617,235.92174819400608,56833400.0,AAPL,0.019131881867239464,241.6746795654297,242.83760681152344,237.2775016784668,0.01601947597924054,-3.6938934326171875,0.38100676490027596,0.049164735236913074,-0.15108911319940632,-0.22741835125806964,236.9970703125,0
2025-03-03,236.9970703125,242.971033380884,235.085403953726,240.7407483660274,47184000.0,AAPL,-0.015754178842070865,239.8685516357422,242.18345794677734,237.3914649963379,0.016374633354426,-9.0306396484375,-0.16978396506279758,0.033273109312111526,-0.3670578265298374,-0.28837799203326925,234.9061737060547,0
2025-03-04,234.9061737060547,239.02822274747484,233.6615980851158,236.6784633674393,53798100.0,AAPL,-0.008822457609658607,237.65619201660155,241.33316345214843,237.79821395874023,0.01444427809768394,-11.061798095703125,0.14017675483214642,0.022845822132688886,-0.4497251416383019,-0.3226240271225152,234.7169952392578,0
2025-03-05,234.7169952392578,235.5234777567522,228.23523611666363,234.3983766092207,47227600.0,AAPL,-0.0008053362915595441,236.73619995117187,240.42412567138672,237.95730361938476,0.0137283926921999,-4.5999603271484375,-0.12213256601998956,0.031051188400990384,-0.1922120526839155,-0.3363316736173516,234.30877685546875,0
2025-03-06,234.30877685546875,236.82779659290307,232.14819548977783,233.42263965762712,45170400.0,AAPL,-0.0017391939743134355,236.34390869140626,239.3786834716797,238.112393951416,0.013731280526214341,-1.961456298828125,-0.04355927466142684,0.019971941153582164,-0.0830174953756102,-0.2416515632326092,238.03256225585935,1
2025-03-07,238.03256225585935,240.32256924437755,233.74125275300776,234.0897400039076,46273600.0,AAPL,0.015892641540643515,235.7923156738281,238.7334976196289,238.41637649536133,0.014137295370844799,-2.7579650878906534,0.024423073517170435,0.027648807495066933,-0.11453793960729208,-0.12992249588893925,226.4928436279297,0
2025-03-10,226.4928436279297,235.13518456664028,223.24699590534985,234.5178647329352,72071200.0,AAPL,-0.048479579930437056,233.69147033691405,236.78001098632814,238.4213539123535,0.017185139824613213,-10.504226684570312,0.5575014695204177,0.05248814254290395,-0.443221794713311,-0.21359240989873776,219.88165283203125,0
2025-03-11,219.88165283203125,224.8599551431671,216.50636447278404,222.8387656202518,76137400.0,AAPL,-0.029189402587743385,230.6865661621094,234.17137908935547,238.08233184814452,0.01839006342657064,-15.024520874023438,0.05641920767241282,0.037991303789063326,-0.6395966796864216,-0.39911880466900823,216.03842163085935,0
2025-03-12,216.03842163085935,220.78772670269151,213.9774121949233,219.1847126113749,62547500.0,AAPL,-0.017478635218863725,226.9508514404297,231.8435256958008,237.30372619628906,0.01787499276455123,-18.678573608398466,-0.17849177933577975,0.03152362647513171,-0.795791271499473,-0.6262032486330685,208.7700958251953,0
2025-03-13,208.7700958251953,215.8990289750484,207.51556900756947,215.0128916975229,61368300.0,AAPL,-0.03364367204127827,221.843115234375,229.09351196289063,235.95012664794922,0.018338057643804667,-25.538681030273438,-0.018852871817418793,0.04015642151402018,-1.0,-0.8117959837286316,212.5635528564453,1
2025-03-14,212.5635528564453,213.02154815111564,208.67051688888432,210.3332680009786,60107600.0,AAPL,0.01817050002422893,216.7493133544922,226.27081451416015,234.5542106628418,0.018230452507433485,-25.469009399414034,-0.02054317945910189,0.020469319428292502,-1.0,-0.9319304238331577,213.0713653564453,1
2025-03-17,213.0713653564453,214.2860724865002,209.05885441116683,212.38435712144667,48073400.0,AAPL,0.0023889914012820146,214.0650177001953,223.87824401855468,233.030850982666,0.017814513906062753,-13.421478271484375,-0.200210955020663,0.02453271028037383,-0.5925784698757397,-0.8641928232919133,211.7670440673828,0
2025-03-18,211.7670440673828,214.2163605039484,210.57225445008928,213.230666286154,42432400.0,AAPL,-0.006121523119169581,212.4420959472656,221.5643310546875,231.44874725341796,0.017759591373180915,-8.114608764648438,-0.11734139877770244,0.017208088585774488,-0.36904437728814243,-0.6538742823879607,214.30596923828125,1
2025-03-19,214.30596923828125,217.8106832228152,212.8224296395377,213.29039128502816,54385400.0,AAPL,0.011989236484268861,212.09560546875,219.52322845458986,229.9736770629883,0.018164294780864353,-1.7324523925780966,0.2816951197669706,0.02327631657208385,-0.08019186492383756,-0.3472715706959066,213.17091369628903,0
2025-03-20,213.17091369628903,216.5462020975973,211.29906714235267,213.0613904363763,48862900.0,AAPL,-0.005296425228035417,212.97576904296875,217.40944213867186,228.3940628051758,0.018008424986220035,4.400817871093722,-0.10154379668072677,0.024614685297640475,0.2107973296510135,-0.07947963752032217,217.32281494140625,1
2025-03-21,217.32281494140625,217.89033350890864,210.36314278996363,210.64192650603025,94127800.0,AAPL,0.019476865643276886,213.92762145996093,215.33846740722657,227.03598251342774,0.01891260876701398,4.7592620849609375,0.926365401971639,0.03463598941958514,0.22389831281071526,0.11816792584596374,219.77215576171875,1
2025-03-24,219.77215576171875,220.51890119737195,217.63149158987616,220.04098837247489,44299500.0,AAPL,0.01127051856461958,215.2677795410156,214.66639862060546,225.72320480346679,0.019109808228533032,6.7007904052734375,-0.5293685818642314,0.01313819577138047,0.31448573082843545,0.24972712443005474,222.779052734375,1
2025-03-25,222.779052734375,223.1275400112128,219.1249802623548,219.81198848707385,34493600.0,AAPL,0.013681883231451586,217.47018127441407,214.95613861083984,224.56375885009766,0.019557960914876382,11.012008666992188,-0.2213546428289258,0.017966499541724672,0.520005778778696,0.3527966074726156,220.56866455078125,0
2025-03-26,220.56866455078125,224.04352508950677,219.51326687455483,222.5400680439697,34466100.0,AAPL,-0.00992188518832271,218.72272033691405,215.40916290283204,223.6263442993164,0.01889469032816331,6.2626953125,-0.0007972493448059614,0.02053899280833224,0.29223149195329645,0.375574333853476,222.87860107421875,1
2025-03-27,222.87860107421875,224.0136533961419,219.6028696378956,220.4292696466093,37094800.0,AAPL,0.010472641379690062,220.6642578125,216.82001342773438,222.9567626953125,0.019035700431671146,9.707687377929716,0.07626914562425102,0.019790072878183206,0.4553945568653206,0.4225439425324377,216.95440673828125,0
2025-03-28,216.95440673828125,222.83876366462027,216.7353602231078,220.70805090185613,39818600.0,AAPL,-0.026580363962194542,220.590576171875,217.25909881591798,221.76495666503905,0.019015793627578433,-0.368408203125,0.07342808156399272,0.028132193917015966,-0.016952118130088012,0.24355797689617634,221.1660614013672,1
2025-03-31,221.1660614013672,224.6409066608951,215.29165561007284,216.0682695484103,65299300.0,AAPL,0.01941262556683898,220.86935729980468,218.06856842041014,220.97340621948243,0.019588688242756995,1.3939056396484375,0.6399195350916407,0.042272539428440836,0.06342503374994202,0.1672891574950582,222.22146606445312,1
2025-04-01,222.22146606445312,222.70932997882656,217.9500740762217,218.85612876373423,36412700.0,AAPL,0.004772000986040137,220.75783996582032,219.1140106201172,220.33917083740235,0.019621572048437758,-0.557586669921875,-0.4423722765787689,0.021416724436623392,-0.025028684837200554,0.00714807692755115,222.91842651367188,1
2025-04-02,222.91842651367188,224.21278818927524,220.06088576879955,220.3595869543347,35905900.0,AAPL,0.003136332693514765,221.22779235839843,219.97525634765626,219.74924240112304,0.019660160613531798,2.349761962890625,-0.01391822084053096,0.01862520961326206,0.10653199391111423,0.048309447607951896,202.30825805664065,0
2025-04-03,202.30825805664065,206.58960121618028,200.37667426890133,204.64805110026137,103419000.0,AAPL,-0.09245610055374753,217.1137237548828,218.8889907836914,218.14921646118165,0.02813879176080607,-20.570343017578097,1.8802787285655005,0.030710199410344946,-0.9229393453850765,-0.2804786787703876,187.56253051757807,0
2025-04-04,187.56253051757807,199.0126263082325,186.52703508606032,193.0486144227304,125910900.0,AAPL,-0.07288742279088867,211.2353485107422,215.9129623413086,215.62571487426757,0.031187305238817725,-29.391876220703182,0.21748324775911576,0.06656761981040803,-1.0,-0.6054691171579875,180.6725616455078,0
2025-04-07,180.6725616455078,193.30748067285785,173.86223225537526,176.43103817745248,160466300.0,AAPL,-0.036734249922185436,203.1366485595703,212.0030029296875,213.33470077514647,0.030555817632334937,-40.493499755859375,0.27444327695219406,0.1076270145304937,-1.0,-0.9743131151283588,171.6717987060547,0
2025-04-08,171.6717987060547,189.51403482217904,168.47573669018362,185.88983084847527,120859500.0,AAPL,-0.04981809555074146,193.02671508789064,206.89227752685548,210.92420806884766,0.031542301761330375,-50.54966735839844,-0.24682316473926302,0.12254952933777014,-1.0,-1.0,197.98709106445312,1
2025-04-09,197.98709106445312,199.7394480269994,171.14407803694525,171.20381523449285,184395900.0,AAPL,0.15328838258086197,188.0404479980469,204.63412017822264,210.02164154052736,0.04848772262716109,-24.93133544921875,0.5257046405123305,0.14443047693824226,-1.0,-1.0,189.5936584472656,0
2025-04-10,189.5936584472656,193.9347385570105,182.205859833413,188.24952597387417,121880000.0,AAPL,-0.04239383776013517,185.49752807617185,201.30562591552734,209.06281967163085,0.0488145860070668,-12.714599609375057,-0.33903085697675495,0.061863243842935865,-0.6284765501670886,-0.8761588500556963,197.2901306152344,1
2025-04-11,197.2901306152344,198.67409816298056,185.25259829067517,185.29243322025624,87435900.0,AAPL,0.04059456540372386,187.44304809570312,199.33919830322264,208.2991485595703,0.04959483013450499,9.727600097656335,-0.2826066622907778,0.06802925128819903,0.5186323766699608,-0.36994805783237594,201.6411590576172,1
2025-04-14,201.6411590576172,212.01593914767517,200.28706023476008,210.52244846919623,101352900.0,AAPL,0.022053958952809483,191.636767578125,197.38670806884767,207.7276382446289,0.04989270032020656,20.968597412109375,0.1591680305229317,0.05816708735325048,1.0,0.29671860883429074,201.2628173828125,0
2025-04-15,201.2628173828125,202.62686743682656,198.9329754067001,200.98403365195668,51343900.0,AAPL,-0.0018763117439558608,197.55497131347656,195.29084320068358,207.2024269104004,0.04988149445681992,29.591018676757812,-0.49341459395833764,0.018353574088652805,1.0,0.8395441255566536,193.4269561767578,0
2025-04-16,193.4269561767578,199.8290454554037,191.535192242388,197.49920369317184,59732400.0,AAPL,-0.03893347667468283,196.6429443359375,192.3416961669922,206.15847625732422,0.05045888319832645,-4.5601348876953125,0.16337870711028968,0.042878476593699734,-0.23032485922078627,0.5898917135930712,196.1251983642578,1
2025-04-17,196.1251983642578,197.9671763411939,193.5763099497932,196.34424488667963,52164700.0,AAPL,0.01394966989520463,197.94925231933593,191.7233901977539,205.30619049072266,0.050614872061757035,6.531539916992216,-0.12669338583415368,0.02238807877836105,0.3445020245130692,0.371392388430761,192.3217620849609,0
2025-04-21,192.3217620849609,192.9589841185958,188.98629374468007,192.43128533414367,46742500.0,AAPL,-0.019392899591784696,196.95557861328126,192.19931335449218,204.0561378479004,0.050453411735373,-4.968368530273494,-0.10394385475235168,0.02065647865768166,-0.25183056622143263,-0.04588446697638323,198.8732452392578,1
2025-04-22,198.8732452392578,200.715208155226,195.1196006832811,195.26894368988752,52976400.0,AAPL,0.03406522009403545,196.40199584960936,194.01938171386718,203.01119232177734,0.05109178348797698,-2.767913818359375,0.13336685029683903,0.028136552331174625,-0.13726928724747456,-0.014865942985279323,203.71214294433597,1
2025-04-23,203.71214294433597,207.0973825434984,201.9199510184256,205.1060615575032,52929200.0,AAPL,0.02433156707055617,196.89186096191406,197.22341613769532,202.0578468322754,0.051338235341252265,2.449325561523466,-0.0008909627683270083,0.02541542909637716,0.12169786716563324,-0.08913399543442464,207.4657745361328,1
2025-04-24,207.4657745361328,207.92378505310097,202.0593452871763,204.00088023313933,47311000.0,AAPL,0.018426155346186412,199.69962463378906,198.1712844848633,201.40270233154297,0.051535170145232574,14.038818359375,-0.10614556804183706,0.028267022736819133,0.7257943068982597,0.23674096227213948,208.37181091308597,1
2025-04-25,208.37181091308597,208.8397725246136,205.3051750047529,205.47443545258196,38222300.0,AAPL,0.00436716069905474,202.1489471435547,200.04909973144532,200.67736282348633,0.05147651788834079,12.246612548828153,-0.19210543002684366,0.01696293517041529,0.6244283065597145,0.49064016020786916,209.2281188964844,1
2025-04-28,209.2281188964844,210.5822179267899,206.5597557679096,209.0887270195077,38743100.0,AAPL,0.004109519323396427,205.53021850585938,201.2428985595703,200.2910484313965,0.0511659088708902,16.906356811523494,0.01362555366893159,0.019225246492181172,0.8790662392150339,0.743096284224336,210.29345703125,1
2025-04-29,210.29345703125,211.31898611202763,207.46576971677675,207.784388363366,36827600.0,AAPL,0.0050917541121358045,207.81426086425782,202.1081283569336,199.74741821289064,0.05097094736958295,11.420211791992188,-0.04944106176325591,0.01832304461416642,0.5742457603209972,0.6925801020319152,211.57785034179688,1
2025-04-30,211.57785034179688,212.65316547487808,205.7731479657814,208.39173986928208,52286500.0,AAPL,0.006107623740076784,209.38740234375,203.13963165283204,199.21523742675782,0.05098021671135676,7.865707397460909,0.4197639813618048,0.032517664292279425,0.3861187302717739,0.6131435766026017,212.3943023681641,1
2025-05-01,212.3943023681641,213.62891164873253,207.9934696463897,208.1726964341785,57365700.0,AAPL,0.003858872869008989,210.37310791015625,205.03636627197267,198.68903121948242,0.05098374346401153,4.928527832031278,0.09714170961911783,0.026532924562987302,0.23755859698067594,0.39930769585781567,204.4588928222656,0
2025-05-02,204.4588928222656,206.0917754590827,201.2827333487594,205.19567188008236,101010600.0,AAPL,-0.03736168747193258,209.59052429199218,205.86973571777344,198.79656295776368,0.047137585810641106,-3.9129180908203693,0.7608187470910317,0.02352082633306522,-0.18778538582901128,0.14529731380781286,198.02691650390625,0
2025-05-05,198.02691650390625,203.21431440062256,197.34987465543003,202.2186538992821,69018500.0,AAPL,-0.0314585305122953,207.35028381347655,206.44025115966798,199.31978225708008,0.04453297980017822,-11.201202392578153,-0.31672022540208655,0.02961435671840523,-0.5353583663446282,-0.1618617183976545,197.6485748291016,0
2025-05-06,197.6485748291016,199.7792878471033,196.16505029893813,197.34988881133356,51216500.0,AAPL,-0.0019105568146197127,204.82130737304686,206.31778411865236,200.16858291625977,0.04354215177280392,-12.644882202148409,-0.25793084462861404,0.018286180668341492,-0.6012969866327966,-0.44148024626881205,195.39837646484372,0
2025-05-07,195.39837646484372,198.574535944944,192.41139491378885,198.3057033514284,68536700.0,AAPL,-0.01138484487532243,201.58541259765624,205.4864074707031,201.35491180419922,0.041791941096056766,-16.179473876953153,0.3381761736940243,0.031541413714171844,-0.7647054666079534,-0.6337869398617927,196.63299560546875,1
2025-05-08,196.63299560546875,199.1818840286168,193.83517686729027,196.86199326420865,50478900.0,AAPL,0.006318471846910034,198.4331512451172,204.40312957763672,201.28720703125,0.023826383620655665,-15.761306762695341,-0.2634763564630337,0.02719130197280999,-0.7420776634287818,-0.7026933722231773,197.66847229003903,1
2025-05-09,197.66847229003903,199.6697443694255,196.6827629534363,198.1364339272832,36453900.0,AAPL,0.00526603727610353,197.07506713867187,203.33279571533203,201.69094772338866,0.02165520074782003,-6.7904205322265625,-0.2778388594046225,0.015111066430494756,-0.3321166635744921,-0.6129665978704091,210.1504821777344,1
2025-05-12,210.1504821777344,210.62903686932515,206.12274573806783,210.32994399020487,63775800.0,AAPL,0.0631461848371071,199.4997802734375,203.42503204345704,202.33396530151367,0.02419206167047382,12.123565673828153,0.7494918239200743,0.02144316341585229,0.6122180705464353,-0.15399208548561286,212.28399658203125,1
2025-05-13,212.28399658203125,212.75257189298435,208.36592688565327,209.79158118866215,51909300.0,AAPL,0.01015231743552425,202.42686462402344,203.62408599853515,202.86610717773436,0.023854077568563423,14.635421752929659,-0.18606587451666623,0.0206640400499337,0.7404769685581747,0.34019279184337264,211.6858367919922,0
2025-05-14,211.6858367919922,213.29095299553776,209.94114592781207,211.78552428530423,49325800.0,AAPL,-0.002817733789027832,205.68435668945312,203.6348846435547,203.38725814819335,0.02386480800275684,16.287460327148466,-0.04976950180410833,0.01582442698335693,0.8335514665895349,0.7287488352313817,210.8085021972656,0
2025-05-15,210.8085021972656,212.3139309113297,208.90429308394448,210.31001909194575,45029500.0,AAPL,-0.004144512490878993,208.5194580078125,203.47630462646484,204.25633544921874,0.0218455371684593,14.175506591796847,-0.0871004626382137,0.01617410015177954,0.7209118972198891,0.7649801107891996,210.6190643310547,0
2025-05-16,210.6190643310547,211.92510277199543,209.1335944967917,211.71573318604425,54737900.0,AAPL,-0.0008986253601557248,211.1095764160156,204.09232177734376,204.98102874755858,0.021760921582654323,12.950592041015653,0.21560088386502185,0.013253825260642114,0.6551673056901675,0.7365435564998638,208.14659118652344,0
2025-05-19,208.14659118652344,208.84446444770492,203.64029993754312,207.27923550566183,46140500.0,AAPL,-0.011739075721298287,210.70879821777345,205.10428924560546,205.77227020263672,0.02139593916541507,-2.003890991210966,-0.15706484903512918,0.02500240085843284,-0.09535505084000584,0.4269080506900169,206.232421875,0
2025-05-20,206.232421875,207.83753801206535,204.40797196423648,207.03996203611737,42496600.0,AAPL,-0.009196255872420789,209.49848327636718,205.96267395019532,206.14022903442384,0.020377793681985973,-6.05157470703125,-0.07897400331595883,0.01662961631662151,-0.2850697558208437,0.09158083300977264,201.47689819335935,0
2025-05-21,201.47689819335935,206.4118779017609,200.10109516487896,204.54755595275296,59211800.0,AAPL,-0.02305904977696982,207.45669555664062,206.57052612304688,206.028466796875,0.020401301497505145,-10.208938598632841,0.3933302899526079,0.031322612138020046,-0.4822683819260143,-0.2875643961956213,200.7490997314453,0
2025-05-22,200.7490997314453,202.1348820380274,199.09413231135568,200.1010778345708,46742400.0,AAPL,-0.0036123171859413494,205.44481506347657,206.98213653564454,205.69263305664063,0.01992298797889288,-10.059402465820284,-0.21058978109093118,0.015147015507115709,-0.4771820093103796,-0.41484004901907917,194.67758178710935,0
2025-05-23,194.67758178710935,197.10020219746903,192.8730755135501,193.0824298832746,78432900.0,AAPL,-0.030244309700308558,202.2565185546875,206.68304748535155,205.0079216003418,0.020871015941020817,-15.941482543945341,0.677981875128363,0.021713474377042144,-0.7568869700649816,-0.5721124537671252,199.60260009765625,1
2025-05-27,199.60260009765625,200.1309909415137,196.83102019804124,197.6983910952664,56288500.0,AAPL,0.02529833309688767,200.54772033691407,205.62825927734374,204.5266456604004,0.021779023393004745,-8.543991088867188,-0.2823356015141605,0.01653270419252014,-0.41047951062579635,-0.5481828300003858,199.8119659423828,1
2025-05-28,199.8119659423828,202.11495545301855,199.29353925378825,199.98144837254893,45339700.0,AAPL,0.001048913414074315,199.2636291503906,204.3810562133789,204.00257110595703,0.021727172847764493,-6.4204559326171875,-0.1945122005382982,0.014120356535823657,-0.31132136616757067,-0.4928959489527829,199.3433837890625,0
2025-05-29,199.3433837890625,203.19167383577107,197.90775006205251,202.9623758748587,51396800.0,AAPL,-0.0023451155745869423,198.83692626953126,203.14681091308594,203.3908477783203,0.021636396072587293,-2.1335144042968466,0.13359373793827478,0.02650664232382952,-0.10589374878350988,-0.27589820852562563,200.24066162109372,1
2025-05-30,200.24066162109372,201.3472946799051,196.18300200128655,198.7651407343476,70819900.0,AAPL,0.004501166855784389,198.73523864746093,202.09002685546875,202.7831657409668,0.021647202348026733,-0.5084381103515909,0.3779048501073996,0.0257904295601595,-0.025327043111613712,-0.14751405268756476,201.08807373046875,1
2025-06-02,201.08807373046875,201.51677709467236,199.51286535414476,199.6723835925692,35423300.0,AAPL,0.004231968185255841,200.0173370361328,201.13692779541014,202.61462478637696,0.02008584089862598,6.410491943359403,-0.4998114936620921,0.009965343559924743,0.3292876295520064,0.06602227921896094,202.6533203125,1
2025-06-03,202.6533203125,203.1518034040851,200.3503308633764,200.73914706631285,46381600.0,AAPL,0.007783885702387527,200.62748107910156,200.5876007080078,202.84594497680663,0.018792141822294866,3.05072021484375,0.3093528835540449,0.013823965659130074,0.1528397031577322,0.15226676319937496,202.2046661376953,0
2025-06-04,202.2046661376953,205.6142882803356,201.4868493484558,202.2943894332265,43604000.0,AAPL,-0.00221389994554666,201.10602111816405,200.18482513427733,203.07374954223633,0.018795008416974908,2.3927001953125,-0.05988581678941651,0.020412184400676155,0.11974759289453463,0.20062497520142442,200.0213165283203,0
2025-06-05,200.0213165283203,204.12881205428332,199.54276184010465,202.8826044104843,55126100.0,AAPL,-0.010797721195455523,201.24160766601562,200.03926696777344,203.30489654541014,0.018774592917244176,0.6779327392578125,0.2642441060453169,0.022927807364618295,0.03400828893198593,0.10219852832808425,203.30133056640625,1
2025-06-06,203.30133056640625,205.07592905349443,201.4370087789868,202.3841235560851,46607700.0,AAPL,0.01639832241390904,201.85374145507814,200.29449005126952,203.63831329345703,0.01904873455449917,3.0606689453125284,-0.1545257146796164,0.017899146377298357,0.1528495221966497,0.10220180134105676,200.8388214111328,0
2025-06-09,200.8388214111328,205.3750202901374,199.41316716451476,203.7699042317972,72862600.0,AAPL,-0.012112607174841306,201.80389099121095,200.91061401367188,203.7968307495117,0.01927910789916946,-0.2492523193359375,0.5633167910023451,0.02968476454767805,-0.012395181609329287,0.05815420983976879,202.0551300048828,1
2025-06-10,202.0551300048828,203.73004106569937,199.9615101944825,199.99141796230995,54672600.0,AAPL,0.006056142857262303,201.6842529296875,201.15586700439454,203.39206314086914,0.012688387432641975,-0.5981903076171875,-0.24964796754439178,0.01865100317485522,-0.029517912990261186,0.036978809199019747,198.1769256591797,0
2025-06-11,198.1769256591797,203.8795731269679,197.80805305990708,202.88260699920767,60989900.0,AAPL,-0.019193793028711492,200.8787048339844,200.99236297607422,202.68670959472655,0.012917788787581515,-4.027740478515625,0.1155478246873205,0.030636866763704283,-0.1991912726570244,-0.08036812241887163,198.5956573486328,1
2025-06-12,198.5956573486328,199.07419684911244,196.7612432530472,198.476026276637,43904600.0,AAPL,0.0021129184846335747,200.59357299804688,200.91759033203124,202.0322006225586,0.012975459493609103,-1.4256591796875,-0.2801332679673192,0.011646546691627095,-0.07127536226798292,-0.0999948493050895,195.85400390625,0
2025-06-13,195.85400390625,199.76210952406475,195.1062792678608,199.1240517744725,51447300.0,AAPL,-0.013805203391582088,199.10410766601564,200.4789245605469,201.28447570800782,0.013194119481609666,-7.44732666015625,0.1717974881903035,0.023771943199244347,-0.3663196221789433,-0.21226208570131688,197.81802368164065,1
2025-06-16,197.81802368164065,198.08720880439395,195.9636660151664,196.701426450214,43020700.0,AAPL,0.010027978679112204,198.49994812011718,200.15191955566405,200.6444236755371,0.013533257974454713,-3.020797729492159,-0.1637909083664254,0.010734829666709621,-0.15040905479664968,-0.1960013464145253,195.04644775390625,0
2025-06-17,195.04644775390625,197.78810453675544,194.61775963167676,196.6017124403596,38856200.0,AAPL,-0.014010735099622917,197.09821166992188,199.3912322998047,199.98941650390626,0.013619343594525962,-7.0086822509765625,-0.09680223706262336,0.01625430732826656,-0.3468697998812098,-0.2878661589522676,195.98361206054688,1
2025-06-18,195.98361206054688,196.9706140480472,194.47819861622497,195.34555431850023,45394700.0,AAPL,0.004804826324358746,196.6595489501953,198.76912689208984,199.4769760131836,0.013652353487852516,-2.1933135986328125,0.16827430371472252,0.012717468596569291,-0.11067451931335515,-0.20265112466373822,200.39019775390625,1
2025-06-20,200.39019775390625,201.08807102199276,196.2627584683704,197.63857663438117,96813500.0,AAPL,0.02248446003739346,197.01845703125,198.80601501464844,199.42264099121093,0.013832124268323977,1.7945404052734375,1.1327049192967462,0.02407958377060034,0.09036151289668615,-0.1223942687659596,200.888671875,1
2025-06-23,200.888671875,201.686247808318,198.3563846401482,201.01828233775663,55814300.0,AAPL,0.0024875174867879934,198.025390625,198.56474914550782,199.42961959838868,0.013819688401290886,5.03466796875,-0.4234863939429935,0.016575664207893973,0.25706229478770215,0.07891642945701105,199.69232177734372,0
2025-06-24,199.69232177734372,202.8227948624406,199.5926190778996,201.97536755465325,54064000.0,AAPL,-0.005955288999076491,198.40025024414064,198.4500991821289,199.68035659790038,0.011951298950813666,1.8742980957030682,-0.031359346977387514,0.016175763573637172,0.09474860080088021,0.14739080282842285,200.948486328125,1
2025-06-25,200.948486328125,203.052085424857,200.0113357524488,200.8388194477268,39525700.0,AAPL,0.006290500003209409,199.58065795898438,198.3394348144531,199.74765090942384,0.010628368588338292,5.90203857421875,-0.26890907073098547,0.015131985953071785,0.30259656826282955,0.21813582128380396,200.39019775390625,0
2025-06-26,200.39019775390625,202.025221644493,198.854876564116,200.81888589983927,50799100.0,AAPL,-0.0027782671291542993,200.46197509765625,198.56076202392578,199.7765625,0.010650305991001504,4.406585693359375,0.2852169601044383,0.015820859083488726,0.2248446003739346,0.20739658981254813,200.469970703125,1
2025-06-27,200.469970703125,202.6034778198992,199.39324535272064,201.27751091280396,73188600.0,AAPL,0.0003980880807190612,200.4779296875,198.748193359375,199.83289184570313,0.010633476781946946,0.07977294921875,0.4407459974684591,0.016013532879358718,0.003980880807190612,0.17714068314798492,204.54754638671875,1
2025-06-30,204.54754638671875,206.7608124915243,198.6554726965608,201.39712965217612,91912800.0,AAPL,0.020340082204292953,201.20970458984374,199.61754760742187,200.04823608398436,0.011513452766119212,3.65887451171875,0.2558349251112879,0.0396257004209647,0.1821344368285449,0.13698663933655672,207.18951416015625,1
2025-07-01,207.18951416015625,209.55231908550664,205.5146031050056,206.04299395149744,78788900.0,AAPL,0.012916154801693835,202.70914306640626,200.55469665527343,200.35330810546876,0.011796959730326467,7.497192382812528,-0.14278642365372396,0.019488032475330375,0.37543718837481865,0.18718416867018473,211.7954864501953,1
2025-07-02,211.7954864501953,212.69274987948137,207.5085290616707,208.2761972389462,67941800.0,AAPL,0.02223072103194701,204.8785430908203,202.22960052490234,200.8104164123535,0.01261213935824352,10.847000122070312,-0.137672946316042,0.024477484882709,0.5397900885084783,0.3657872379039473,212.9021148681641,1
2025-07-03,212.9021148681641,213.9987684566969,211.16738836812712,211.5063531929921,34955800.0,AAPL,0.005224985841371987,207.38092651367188,203.92145080566405,201.34528884887695,0.012582164530595115,12.511917114257841,-0.48550376940263573,0.013298975871249827,0.6243777018286778,0.5132016595706582,209.3130340576172,0
2025-07-07,209.3130340576172,215.57398008038285,208.16652910348648,212.0347473083985,50229000.0,AAPL,-0.016857891772326328,209.1495391845703,204.81373443603516,201.80987472534179,0.012989588826532112,8.843063354492188,0.43692892166679065,0.035389344052302714,0.4411166083117668,0.535094799549641,209.37286376953125,1
2025-07-08,209.37286376953125,210.78855393169587,207.8175989494771,209.46260228799343,42848900.0,AAPL,0.00028583844376162126,210.1146026611328,205.6621536254883,202.11345138549805,0.01256536311572314,4.8253173828125,-0.14692906488283664,0.014189780512765428,0.23590199286427582,0.43379876766824016,210.4994354248047,1
2025-07-09,210.4994354248047,210.6888614301138,206.59132988433592,208.8943192909964,48749400.0,AAPL,0.0053806956402597805,210.7765869140625,206.74286499023438,202.59648208618165,0.012166993708507264,3.3099212646484375,0.13770481856010308,0.019465760264433665,0.15975331947011062,0.27892397354871773,211.76559448242188,1
2025-07-10,211.76559448242188,212.8323404073814,209.39281005517992,209.8713495723348,44443600.0,AAPL,0.006015023532305319,210.7706085205078,207.82457580566407,203.0820053100586,0.0121663507487765,-0.0298919677734375,-0.08832518964335967,0.016242158508364208,-0.0014113599998966109,0.13141465077816328,210.5193634033203,0
2025-07-11,210.5193634033203,211.4864217284832,209.22330444266436,209.9311570606941,39765800.0,AAPL,-0.005884955401501801,210.29405822753907,208.83749237060547,203.69912719726562,0.011251534505535558,-2.3827514648437784,-0.10525249979749618,0.010750162119211294,-0.1119176982492287,0.015474753740328437,207.9870758056641,0
2025-07-14,207.9870758056641,210.27013683517245,206.91035052542597,209.293099043616,38840100.0,AAPL,-0.012028763324753111,210.02886657714845,209.58920288085938,204.1686981201172,0.011749211890375925,-1.3259582519530966,-0.02327879735853422,0.01615382252350021,-0.06334809764346083,-0.058892385297528715,208.47560119628903,1
2025-07-15,208.47560119628903,211.2471659954246,208.2861751856472,208.5852680860029,42296300.0,AAPL,0.0023488257081965003,209.8494140625,209.9820083618164,204.79977798461914,0.011116330924320551,-0.8972625732422159,0.08898535276685693,0.014203056821932344,-0.04285476909891672,-0.07270685499720209,209.52239990234372,1
2025-07-16,209.52239990234372,211.75559423754484,208.00700716596052,209.6619745482938,47490500.0,AAPL,0.005021204879841479,209.6540069580078,210.21529693603514,205.3849967956543,0.011010008041918713,-0.9770355224609659,0.12280506805559832,0.017891104117418965,-0.04641511367900919,-0.050872660140462246,209.38282775878903,0
2025-07-17,209.38282775878903,211.15742622671812,208.95412441878605,209.93116216460888,48068100.0,AAPL,-0.0006661442577010623,209.17745361328124,209.97403106689453,206.10181579589843,0.010311144414323485,-2.382766723632841,0.012162432486497288,0.010522839105364879,-0.11251906757830943,-0.06726298345207844,210.539306640625,1
2025-07-18,210.539306640625,211.1474566075158,209.06380098140497,210.23024956462243,48974600.0,AAPL,0.005523274731814354,209.1814422607422,209.7377502441406,206.82960052490233,0.010316802123714821,0.0199432373046875,0.01885866094145605,0.009896753529579565,0.0009473350566091554,-0.052662282066903154,211.8353729248047,1
2025-07-21,211.8353729248047,215.12536441190213,210.98796078626995,211.4565361150761,51377400.0,AAPL,0.006155934988386624,209.95110168457032,209.98998413085937,207.40185928344727,0.009347495711385509,3.8482971191405966,0.04906216691917842,0.019531221667595765,0.1850257812526923,0.02448468291033068,213.74952697753903,1
2025-07-22,213.74952697753903,214.29786137817436,211.58611235366487,212.4933551608528,46404100.0,AAPL,0.009036045426718209,211.00588684082032,210.42765045166016,208.0449020385742,0.009449286331241962,5.27392578125,-0.09679937092963053,0.012686573218917297,0.2529756840122688,0.14631626677385676,213.50030517578125,0
2025-07-23,213.50030517578125,214.49727137359017,211.76559372759172,214.3477325289176,46989300.0,AAPL,-0.001165952529962655,211.8014678955078,210.7277374267578,208.73530120849608,0.009265292870073568,3.9779052734375284,0.012610954635474014,0.012794724783879689,0.18985584716916248,0.20928577081137453,213.11148071289065,0
2025-07-24,213.11148071289065,215.03563331063384,212.8821827557749,213.251055366678,46022600.0,AAPL,-0.0018211892604578228,212.5471984863281,210.8623260498047,209.34345092773438,0.009309048125808276,3.7286529541016193,-0.02057276869414948,0.01010480781070699,0.17807825952169676,0.20696993023437601,213.2311248779297,1
2025-07-25,213.2311248779297,214.58699944946255,212.7525701732737,214.04862920984863,40268800.0,AAPL,0.0005614158591493723,213.08556213378907,211.1335021972656,209.98549728393556,0.009229867937148221,2.6918182373046875,-0.1250211852437716,0.008603008952089028,0.12785347687590765,0.16526252785558895,213.40061950683597,1
2025-07-28,213.40061950683597,214.1981955143971,212.41361748607304,213.38067592321025,37858000.0,AAPL,0.0007948869050111718,213.39861145019532,211.67485656738282,210.63202972412108,0.009224064394497807,1.5652465820312784,-0.059867689129052715,0.008362571919651323,0.07388976451005114,0.1266071669692185,210.6290435791016,0
2025-07-29,210.6290435791016,214.1582970701604,210.18041185237743,213.53020352524888,51411700.0,AAPL,-0.012987665800312187,212.7745147705078,211.89020080566405,210.93610458374025,0.00896583981873557,-3.120483398437443,0.3580141581700036,0.018885739355736394,-0.14598785047909568,0.0185851303022877,208.415771484375,0
2025-07-30,208.415771484375,211.74563469104575,207.0898047125579,211.2571158132724,45512500.0,AAPL,-0.010507915039244753,211.75760803222656,211.7795379638672,210.99741744995117,0.00892648215901666,-5.08453369140625,-0.11474430917475986,0.022339144227560982,-0.23815112054383247,-0.103416402170959,206.94027709960935,0
2025-07-31,206.94027709960935,209.20337937318877,206.5315173151756,207.85748415888983,80698400.0,AAPL,-0.007079571638254234,210.52336730957032,211.53528289794923,210.75465698242186,0.007421292974633844,-6.171203613281307,0.77310409228234,0.012911271287836791,-0.28957630966842673,-0.22457176023045164,201.76600646972656,0
2025-08-01,201.76600646972656,212.93202387361225,200.8886714237977,210.23023901853355,104434500.0,AAPL,-0.02500369044829387,208.2303436279297,210.65795288085937,210.1978515625,0.008974108568935995,-11.465118408203125,0.29413346485184344,0.059689700264853957,-0.537685031430879,-0.3551374872143794,202.7330780029297,1
2025-08-04,202.7330780029297,207.24933356384108,201.06813110178,203.8895472057539,75109300.0,AAPL,0.004793035011813274,206.09683532714843,209.7477233886719,209.8688537597656,0.008460421138978352,-10.667541503906278,-0.28079992722711367,0.030489363269923526,-0.499883342820594,-0.44238156130663325,202.3043670654297,0
2025-08-05,202.3043670654297,204.7170232958933,201.5466782764192,202.7829065525681,44155100.0,AAPL,-0.0021146570738387327,204.43190002441406,208.60320739746095,209.51542892456055,0.008449855419671078,-8.324676513671903,-0.4121220674403836,0.015671164520382138,-0.39522927950558673,-0.4775992179190199,212.60302734375,1
2025-08-06,212.60302734375,214.72657006985975,204.96626313259569,205.0061502968161,108483100.0,AAPL,0.050906762062084,205.26935119628905,208.51347961425782,209.6206085205078,0.014452501835588724,4.187255859375,1.4568645524526045,0.04590859810045405,0.20090878101751253,-0.23140128043622274,219.36245727539065,1
2025-08-07,219.36245727539065,220.1799768073744,215.92292715514495,218.2159523061407,90224800.0,AAPL,0.03179366736256095,207.7537872314453,209.13857727050782,210.00045166015624,0.016025284628637525,12.422180175781307,-0.16830547799611184,0.019406464101033916,0.6002785127132104,0.1353193380750454,228.6541748046875,1
2025-08-08,228.6541748046875,230.2991627392556,218.5848113878,220.16001960779295,113854000.0,AAPL,0.04235782934192733,213.1314208984375,210.6808822631836,210.9071922302246,0.018268202720221807,26.888168334960938,0.26189251735664687,0.051231740515832715,1.0,0.6003957645769077,226.747802734375,0
2025-08-11,226.747802734375,229.12327986736796,224.3324083989562,227.486400432218,61806100.0,AAPL,-0.008337359560309343,217.93436584472656,212.0156005859375,211.84522857666016,0.018112573300176526,24.014724731445312,-0.45714599399230593,0.021128634591551235,1.0,0.8667595042377368,229.21310424804688,1
2025-08-12,229.21310424804688,230.36092560837628,226.63802588155735,227.57622481823225,55626200.0,AAPL,0.010872438382831362,223.31611328125,213.87400665283204,212.88210372924806,0.018159993969825112,26.908737182617188,-0.09998851246074414,0.01624208938242084,1.0,1.0,232.88612365722656,1
2025-08-13,232.88612365722656,234.552944884794,229.99163136972763,230.6304284784954,69878500.0,AAPL,0.016024473911425474,227.37273254394532,216.3210418701172,214.0502899169922,0.01832953073719258,20.283096313476562,0.2562155962478112,0.019586025321886198,0.9540361003741293,0.9846787001247098,232.337158203125,0
2025-08-14,232.337158203125,234.6727029329224,230.41083714463488,233.6147219132583,51916300.0,AAPL,-0.0023572269806403368,229.9676727294922,218.86072998046876,215.198006439209,0.018363132060799155,12.974700927734347,-0.25704902080038927,0.018343453200720887,0.5914731758974479,0.8485030920905258,231.1494140625,0
2025-08-15,231.1494140625,233.834298979768,228.9036945156081,233.5548328767578,56038700.0,AAPL,-0.005112157477567991,230.4667205810547,221.7990707397461,216.22851181030273,0.018511918834095937,2.4952392578125,0.07940473415863614,0.021330811000138304,0.10912721186673746,0.5515454960461049,230.4507598876953,0
2025-08-18,230.4507598876953,232.67651332576617,229.672244959047,231.25921652669464,37476200.0,AAPL,-0.0030225219373292145,231.20731201171876,224.57083892822266,217.15928115844727,0.018591191119768456,3.7029571533203125,-0.33124430081354495,0.013036487135834277,0.16330730038686125,0.2879692293836822,230.1213836669922,0
2025-08-19,230.1213836669922,232.42698672077373,228.9136940815642,230.8400151681398,39402600.0,AAPL,-0.001429269406026834,231.38896789550782,227.3525405883789,217.9778739929199,0.018600566122705033,0.9082794189453125,0.051403290621781395,0.0152671280835579,0.03962598132968953,0.10402016452776275,225.5800323486328,0
2025-08-20,225.5800323486328,230.0315543310328,225.3404986724704,229.54248102593337,42263900.0,AAPL,-0.019734590701623533,229.92774963378906,228.65024108886718,218.5818603515625,0.019314271465534695,-7.30609130859375,0.07261703542405828,0.02079552702303184,-0.31371947773699116,-0.03692873200681346,224.4721527099609,0
2025-08-21,224.4721527099609,226.08908123987143,223.3542882288465,225.83955683035407,30621200.0,AAPL,-0.004911248691372161,228.35474853515626,229.1612106323242,219.149893951416,0.01936656573528848,-7.865005493164091,-0.2754762338544242,0.012183217285569176,-0.3385169016437728,-0.2042034660170248,227.3267059326172,1
2025-08-22,227.3267059326172,228.65417758009715,224.98118568943212,225.7397343895232,42477800.0,AAPL,0.012716736522523808,227.5902069091797,229.0284637451172,219.85467300415038,0.01948380706149211,-3.8227081298828125,0.38720233041161034,0.016157326855181536,-0.16537823145202468,-0.27253820361092956,226.72784423828125,0
2025-08-25,226.72784423828125,228.8637723966904,225.7996055926997,226.04912998143797,30983100.0,AAPL,-0.002634365777127168,226.8456237792969,229.0264678955078,220.52103424072266,0.019522832864052066,-3.7229156494140625,-0.2706048806670779,0.01351473531751307,-0.1615492893678605,-0.22181480748788598,228.87376403808597,1
2025-08-26,228.87376403808597,229.0534295301293,224.2625578823749,226.438403395408,54575100.0,AAPL,0.0094647386915101,226.59609985351562,228.9925338745117,221.4332702636719,0.019184913877244716,-1.2476196289062216,0.7614473696950919,0.020932375835603353,-0.05421571907075151,-0.12704774663021223,230.0515289306641,1
2025-08-27,230.0515289306641,230.46073738560716,227.82576024347395,228.17510050695543,31259500.0,AAPL,0.005145914812595631,227.4903991699219,228.70907440185547,222.51505813598632,0.018864160030588623,4.471496582031278,-0.42722047233994986,0.011453856248559742,0.19822218019370563,-0.005847609414968795,232.1175842285156,1
2025-08-28,232.1175842285156,232.9659733126178,228.90370861616245,230.3809040856524,38074700.0,AAPL,0.008980837064874292,229.0194854736328,228.68711700439454,223.77392349243163,0.01865835764259227,7.6454315185546875,0.21802012188294762,0.017500891670732353,0.3405959904716238,0.16153415053152598,231.6983795166016,0
2025-08-29,231.6983795166016,232.9360260407387,230.92984008944924,232.0676707602769,39418400.0,AAPL,-0.0018060015285240594,229.8938201904297,228.74201354980468,225.2705421447754,0.017306924743958917,4.371673583984403,0.03529115134196714,0.00865861019604464,0.19230796338025602,0.24370871134852848,229.28298950195312,0
2025-09-02,229.28298950195312,230.4108447009183,226.53822101083423,228.8138823959992,44075600.0,AAPL,-0.010424716908628229,230.40484924316405,228.62523651123047,226.59803771972656,0.01774181001676195,2.555145263671875,0.11814787003023963,0.016890148277009735,0.1126965800012858,0.2152001779510552,238.01634216308597,1
2025-09-03,238.01634216308597,238.395624134605,233.9141603097862,236.75874463665696,66427800.0,AAPL,0.03808984120498149,232.23336486816407,229.41473236083985,228.38363647460938,0.018971040550950606,9.142578125,0.5071331984136347,0.018828387093471628,0.3994594209355773,0.2348213214390397,239.32383728027344,1
2025-09-04,239.32383728027344,239.4436041167336,236.2896273284533,237.996365667052,47549400.0,AAPL,0.005493299768011717,234.08782653808595,230.78911285400392,229.71967697143555,0.016108481953201054,9.272308349609347,-0.28419426806246784,0.013178698888179192,0.4030535416438785,0.30506984752691385,239.2340087890625,0
2025-09-05,239.2340087890625,240.8609127003189,238.0362947520209,239.5434165987409,54870400.0,AAPL,-0.0003753428502223377,235.5111114501953,232.26529846191406,230.71325454711913,0.014969328084825068,7.116424560546903,0.1539661909508847,0.01180692478713811,0.3065870508776669,0.36970000448570756,237.42745971679688,0
2025-09-08,237.42745971679688,239.69313028194867,235.89038089866293,238.84475646782596,48999500.0,AAPL,-0.007551389041256629,236.65692749023438,233.27537384033204,231.15191879272462,0.012225996289113231,5.729080200195284,-0.10699575727532518,0.016016468304978947,0.247264577859716,0.31896839012708716,233.9041748046875,0
2025-09-09,233.9041748046875,238.3257397896772,232.9160527142261,236.54912730927947,66313900.0,AAPL,-0.014839416284502027,237.58116455078124,233.99300689697264,231.50973739624024,0.012594956159322447,4.621185302734375,0.3533587077419158,0.02312779188301458,0.20154941772054125,0.2518003488193081,226.35855102539065,0
2025-09-10,226.35855102539065,231.9778454619465,225.5201526853384,231.7482872752143,83440800.0,AAPL,-0.03225946602106411,235.24960632324218,233.74148559570312,231.36700973510742,0.014480545357138445,-11.657791137695312,0.2582701364269029,0.028528600962301347,-0.48978952586825053,-0.013658510095997759,229.59239196777344,1
2025-09-11,229.59239196777344,230.0115911363252,226.21881717306923,226.44839058875493,50208600.0,AAPL,0.014286365271970913,233.30331726074218,233.69557189941406,231.20232315063475,0.01438085497899573,-9.7314453125,-0.3982727874133517,0.016519597756481135,-0.40662248370618603,-0.23162086395129844,233.6247100830078,1
2025-09-12,233.6247100830078,234.063860229386,228.584314210114,228.78393068206051,55824200.0,AAPL,0.017562943095258854,232.18145751953125,233.84628448486328,231.2667007446289,0.01493299513528272,-5.6092987060546875,0.11184538107017516,0.02345447969662579,-0.2344691181010361,-0.37696037589182424,236.24969482421875,1
2025-09-15,236.24969482421875,237.7368657054393,234.58287368836287,236.549127145038,42699500.0,AAPL,0.01123590368620797,231.94590454101564,234.301416015625,231.52171478271484,0.0150632888067765,-1.177764892578125,-0.23510771314232892,0.013350248005285918,-0.049605251809666795,-0.23023228453896297,237.6969451904297,1
2025-09-16,237.6969451904297,240.76111223381088,235.87043992435724,236.72878926810645,63421100.0,AAPL,0.006125935389198034,232.70445861816407,235.14281158447267,231.88402404785157,0.015067238609113222,3.7927703857421875,0.48528905490696617,0.020575242586880944,0.16215060671359138,-0.04064125439903717,238.5353546142578,1
2025-09-17,238.5353546142578,239.6432435766681,237.27774187166392,238.5153883976145,46508000.0,AAPL,0.003527220020250743,235.1398193359375,235.19471282958983,232.30472259521486,0.015054563677730903,12.176803588867159,-0.2666793858826163,0.009916776105703538,0.5379431673204738,0.21682950740813278,237.42745971679688,0
2025-09-18,237.42745971679688,240.74113579799257,236.199788714976,239.5134800259323,44249600.0,AAPL,-0.004644573125239804,236.7068328857422,235.00507507324218,232.89709396362304,0.014270705582313472,7.8350677490234375,-0.04855938763223533,0.019127303507494402,0.34125990333874867,0.3471178924576046,245.032958984375,1
2025-09-19,245.032958984375,245.83144010441063,239.7530294205925,240.77107799962133,163741300.0,AAPL,0.03203293872010393,238.9884826660156,235.58497009277343,233.92513427734374,0.015571011868161897,11.408248901367188,2.7004018115417994,0.02480650239466657,0.48831516569089795,0.4558394121167068,255.5928192138672,1
2025-09-22,255.5928192138672,256.15178189089505,247.64797087115,247.82763635806887,105517400.0,AAPL,0.04309567281585802,242.85710754394532,237.40150604248046,235.33843994140625,0.017744164315715214,19.343124389648438,-0.35558469366006007,0.03327093087317722,0.8187576455512735,0.5494442381936401,253.9459686279297,0
2025-09-23,253.9459686279297,256.8504363399061,253.0975947938589,255.3932223520852,60275200.0,AAPL,-0.006443258425658294,246.1069122314453,239.4056854248047,236.69934616088867,0.01786204718302573,16.2490234375,-0.4287653031632698,0.014778110344983225,0.683602535341048,0.6635584488610732,251.8300018310547,0
2025-09-24,251.8300018310547,255.2534845023776,250.5624136207024,254.73446948849343,42303700.0,AAPL,-0.008332350414175016,248.76584167480468,241.95283050537108,237.8471580505371,0.018113239288342364,13.294647216796875,-0.29815745115735826,0.01862792696488291,0.5573449369086614,0.6865683726003277,256.3813171386719,1
2025-09-25,256.3813171386719,256.6807646844572,251.2311452680336,252.72829161839877,55202100.0,AAPL,0.018072966979806315,252.55661315917968,244.63172302246093,239.1636474609375,0.01834988393391304,18.953857421875,0.30490004420417116,0.021255914733740094,0.7983009818865572,0.6797494847120888,254.97401428222656,0
2025-09-26,254.97401428222656,257.10994249251326,253.2972024297037,253.61660096533103,46076300.0,AAPL,-0.005489100657377954,254.54482421875,246.76665344238282,240.30646896362305,0.018493905068713398,9.941055297851562,-0.1653161745658227,0.014953445642461798,0.4057027813342229,0.5871162333764804,253.9459686279297,0
2025-09-29,253.9459686279297,254.5148915782133,252.52867184357527,254.0757261912774,40127700.0,AAPL,-0.004031962461707783,254.2154541015625,248.5362808227539,241.41884841918946,0.01854281630889571,-1.6468505859375,-0.12910324830769837,0.00782142652379791,-0.06443258425658294,0.3798570596547324,254.1455993652344,1
2025-09-30,254.1455993652344,255.4331385813304,252.6284867333586,254.3751575512532,37704300.0,AAPL,0.0007861150085717306,254.25538024902343,250.18114624023437,242.6619789123535,0.018226489507384865,0.19963073730471592,-0.06039219790817818,0.011035610512150608,0.007861150085717306,0.11637711572111908,254.9640350341797,1
2025-10-01,254.9640350341797,258.29769267334166,254.44502000530687,254.55481135314997,48713900.0,AAPL,0.003220341689918804,254.88218688964844,251.82401428222656,243.5093635559082,0.016513860844595517,3.134033203125,0.2919985253671331,0.015110651459207992,0.12445035064676313,0.022626305491965832,256.6408386230469,1
2025-10-02,256.6408386230469,257.68882891050583,253.66649683440303,256.09186667190835,42630200.0,AAPL,0.00657662791005964,254.93409118652343,253.74535217285157,244.37521362304688,0.01652226338195708,0.259521484375,-0.12488632607941474,0.01567300082747464,0.010122480345735596,0.047477993692738675,257.5291442871094,1
2025-10-03,257.5291442871094,258.7468246365968,253.46689477740225,254.18552630266564,49155600.0,AAPL,0.003461279462880995,255.4451171875,254.994970703125,245.28997039794922,0.016495589658004635,2.5551300048828125,0.15306988942111466,0.020502261496695484,0.10021138868114621,0.07826140655788165,256.20166015625,0
2025-10-06,256.20166015625,258.57713717661323,254.56478079871025,257.499174775338,44664100.0,AAPL,-0.005154694760991507,255.89625549316406,255.05585479736328,246.2286804199219,0.016417154478809835,2.2556915283203125,-0.09137310906590501,0.015660930438374087,0.08882564824745254,0.06638650575811145,255.9920959472656,0
2025-10-07,255.9920959472656,256.9103287268919,254.94407514023973,256.32145476920215,31955800.0,AAPL,-0.0008179658510276688,256.2655548095703,255.26046752929688,247.33307647705078,0.01586305325254885,1.8464965820311932,-0.28453052899308395,0.007680915222699825,0.07265506806504174,0.08723070166454683,257.569091796875,1
2025-10-08,257.569091796875,258.0282082133661,255.62278908467795,256.03201279963565,36496900.0,AAPL,0.0061603302390018655,256.78656616210935,255.8343765258789,248.893603515625,0.013274406440653487,2.6050567626953125,0.1421056584407212,0.009338927710259279,0.10217349918964391,0.08788473850071273,253.55670166015625,0
2025-10-09,253.55670166015625,257.50917476461467,252.6584199331141,257.3195337882977,38322000.0,AAPL,-0.01557791778791151,256.16973876953125,255.55191497802736,250.09181900024413,0.014018551920250092,-3.084136962890625,0.05000698689477745,0.019130848444313966,-0.12017327325759664,0.018218431332363005,244.80340576171875,0
2025-10-10,244.80340576171875,255.8922708493858,243.53581752909895,254.4550078501572,61999100.0,AAPL,-0.034522045132806656,253.6245910644531,254.53485412597655,250.6507537841797,0.016237571010994042,-12.725738525390625,0.6178461458170241,0.05047500577795921,-0.49414750942530894,-0.17071576116442055,247.18885803222656,1
2025-10-13,247.18885803222656,249.2149949644775,245.09284695690997,248.9055871417832,38142900.0,AAPL,0.009744359001401026,251.82203063964843,253.85914306640626,251.19771194458008,0.016198540951668446,-9.012802124023438,-0.3847830049145875,0.016676107654618202,-0.3517854692482003,-0.3220354173103686,247.29864501953125,1
2025-10-14,247.29864501953125,248.37659224814223,244.2344780970313,246.1308726626428,35478000.0,AAPL,0.0004441421356069508,250.08334045410157,253.17444763183593,251.67779693603515,0.016179374675852044,-8.693450927734347,-0.06986621363346779,0.016749441351705665,-0.33959841203554997,-0.3951771302363531,248.86566162109372,1
2025-10-15,248.86566162109372,251.3409547309234,246.99922390992757,249.01538540478128,33893600.0,AAPL,0.00633653533135492,248.3426544189453,252.56461029052736,252.19431228637694,0.016204543578735173,-8.703430175781278,-0.04465866170584587,0.017446082326963416,-0.33790662206647837,-0.3430968344500762,246.9792633056641,0
2025-10-16,246.9792633056641,248.56623493239263,244.6636846503341,247.77774448085987,39777000.0,AAPL,-0.007579986339383948,247.02716674804688,251.59845275878905,252.67190246582032,0.016283339637173155,-6.577438354492159,0.1735843935138197,0.015801125284063647,-0.2594070009361438,-0.3123040116793907,251.81002807617188,1
2025-10-17,251.81002807617188,252.89796599708643,246.79958926324147,247.5481624372989,49147000.0,AAPL,0.01955939420116093,248.4284912109375,251.02654113769532,253.01075592041016,0.015284742283409194,7.006622314453125,0.23556326520350956,0.024218164703115854,0.28621424986517763,-0.10369979104581484,261.7411193847656,1
2025-10-20,261.7411193847656,263.87706298772724,255.143708503654,255.4032084113237,90483000.0,AAPL,0.0394388237214669,251.3389434814453,251.5804870605469,253.31817092895508,0.014773998438694272,14.552261352539062,0.8410686308421673,0.03336638318274705,0.5887102464238847,0.20517249845097285,262.27008056640625,1
2025-10-21,262.27008056640625,264.7853058703715,261.3318664386604,261.3817895915523,46695900.0,AAPL,0.002020932679144938,254.3332305908203,252.20828552246093,253.7343765258789,0.014661540655989132,14.971435546875,-0.48392626239183056,0.013167492930390294,0.6053990124245345,0.49344116957119893,257.9583435058594,0
2025-10-22,257.9583435058594,262.349966966352,254.94406918261987,262.15033525743416,45015300.0,AAPL,-0.016440064574789193,256.1517669677734,252.24721069335936,254.04079360961913,0.015060645670233996,9.092681884765653,-0.03599031178326151,0.028709665611431928,0.3653650658566776,0.519824774901699,259.0861511230469,1
2025-10-23,259.0861511230469,260.12418111371363,257.51916110368444,259.4454820834593,32754900.0,AAPL,0.004372053262009956,258.57314453125,252.80015563964844,254.1760353088379,0.014561380756157349,12.106887817382784,-0.2723607306849005,0.01005464784102644,0.4901985557548283,0.48698754467868016,262.3200378417969,1
2025-10-24,262.3200378417969,263.62754335723145,258.68694768993146,260.69313376057823,38253700.0,AAPL,0.012481897255921526,260.675146484375,254.55181884765625,254.5433364868164,0.014717847015236329,10.510009765625,0.16787717257570622,0.018834229012575934,0.41737852324315483,0.4243140482848869,268.2986145019531,1
2025-10-27,268.2986145019531,268.60802232244004,264.1465248140549,264.37609822840903,44888200.0,AAPL,0.022791155068992097,261.9866455078125,256.6627944946289,255.26096878051757,0.015391623525499247,6.5574951171875,0.17343420375022545,0.016628850345228572,0.25053362393349543,0.38603690097715954,268.4882507324219,1
2025-10-28,268.4882507324219,269.3765722048576,267.63986169210665,268.4782600095115,41534800.0,AAPL,0.0007068103233436318,263.23027954101565,258.781755065918,255.97810134887695,0.01539219750407299,6.218170166015625,-0.07470560191765319,0.00646847863179601,0.23709033651824418,0.30166749456496483,269.1869201660156,1
2025-10-29,269.1869201660156,270.8936584399069,266.6018207191691,268.76770579477784,51086700.0,AAPL,0.0026022346664624774,265.4759948730469,260.81388092041016,256.6892456054687,0.015392058770031969,11.22857666015625,0.2299734198792338,0.015943708253324168,0.4352864306519777,0.3076367970345724,270.8836669921875,1
2025-10-30,270.8836669921875,273.6184749716116,267.969239224885,271.4725408872279,69886500.0,AAPL,0.006303229091240592,267.835498046875,263.2043212890625,257.4013870239258,0.015388677415465797,11.797515869140625,0.36799793292579097,0.02085484078628316,0.4553510798629179,0.3759092823443799,269.85565185546875,0
2025-10-31,269.85565185546875,276.79244258078194,268.647962249571,276.4630533049319,86167100.0,AAPL,-0.003795042898427692,269.3426208496094,265.0088836669922,258.01771240234376,0.01545806018987449,7.535614013671875,0.2329577243101315,0.030180877351322022,0.2872679523710864,0.3926351542953273,268.53814697265625,0
2025-11-03,268.53814697265625,270.33474092754267,265.74348587775046,269.90556627002525,50194600.0,AAPL,-0.004882257880291285,269.39052734375,265.68858642578124,258.63453674316406,0.015451121170421094,0.239532470703125,-0.41747372256928683,0.01709721729129125,0.008927831071650072,0.2505156211018848,269.5262756347656,1
2025-11-04,269.5262756347656,270.9734988318123,267.11086611942017,267.8195068636227,49274800.0,AAPL,0.003679658451690937,269.59813232421874,266.41420593261716,259.3112457275391,0.015433509161695355,1.03802490234375,-0.01832468034410073,0.014331191655786463,0.03866183713857385,0.11161920686043676,269.6260986328125,1
2025-11-05,269.6260986328125,271.18312844251227,266.4221834255846,268.0989800730272,43683100.0,AAPL,0.0003703646251622672,269.68596801757815,267.5809814453125,259.9140960693359,0.015419327998075417,0.439178466796875,-0.11347991265312085,0.01765758226324864,0.01631500024317667,0.021301556151133532,269.2567749023437,0
2025-11-06,269.2567749023437,272.8798740142925,267.38037702601645,267.38037702601645,51204000.0,AAPL,-0.0013697625428010785,269.3605895996094,268.59804382324216,260.6990997314453,0.01486463964749989,-1.6268920898438068,0.1721695575634512,0.02042473022367095,-0.060058700028257084,-0.0016939542155021876,267.9592590332031,0
2025-11-07,267.9592590332031,271.7719991063764,266.26248096015127,269.28671541495146,48227400.0,AAPL,-0.0048188791892466165,268.98131103515624,269.16196594238284,261.85689239501954,0.012140817816739473,-1.896392822265625,-0.05813217717365826,0.020561029188181444,-0.07027434145723599,-0.038006013747438804,269.1781311035156,1
2025-11-10,269.1781311035156,273.4741297822401,267.2099714283653,268.7085692371889,41312400.0,AAPL,0.004548721603090611,269.10930786132815,269.2499176025391,262.956356048584,0.012080345674292616,0.639984130859375,-0.14338322198584208,0.023271423752718734,0.023832149661944246,-0.03550029727451628,274.99267578125,1
2025-11-11,274.99267578125,275.65206242273547,269.5477586519058,269.55775905965567,46208300.0,AAPL,0.02160110352909128,270.202587890625,269.9003601074219,264.34105758666993,0.012634978545407096,5.466400146484375,0.11850921273031823,0.022198059470083898,0.2028151108314158,0.05212430634537468,273.21435546875,0
2025-11-12,273.21435546875,275.4722525277038,271.4460210796085,274.74292397164845,48398000.0,AAPL,-0.0064667915516215535,270.9202392578125,270.3031036376953,265.55849227905276,0.012906271001531557,3.5882568359375,0.047387590541093205,0.014736529642403138,0.13308269689515928,0.11990998579617311,272.6948547363281,0
2025-11-13,272.6948547363281,276.4413491841305,271.83564282199285,273.85374352181776,49602800.0,AAPL,-0.0019014401037990014,271.60785522460935,270.4842224121094,266.8442718505859,0.012681099501870333,3.438079833984432,0.02489359064424157,0.016889597592851413,0.12768777443878276,0.1545285273884526,272.15533447265625,0
2025-11-14,272.15533447265625,275.702003472256,269.3479639093673,270.7965900477885,47431300.0,AAPL,-0.00197847614027602,272.4470703125,270.7141906738281,267.86153717041014,0.01229174353165273,4.196075439453125,-0.043777770609723654,0.023347106442725682,0.15659378424140113,0.1391214185251144,267.2099609375,0
2025-11-17,267.2099609375,270.2371271729127,265.48159771217263,268.5687054184609,45018300.0,AAPL,-0.01817114312581336,272.0534362792969,270.5813720703125,268.1349792480469,0.010094598939086378,-1.968170166015625,-0.05087357926095215,0.017796976744637164,-0.07311775878474869,0.07038793329847841,267.19000244140625,0
2025-11-18,267.19000244140625,270.4569347049811,265.0719890725528,269.7376065335732,45677300.0,AAPL,-7.469218596389826e-05,270.49290161132814,270.3477447509766,268.3809753417969,0.010095223947400396,-7.80267333984375,0.01463849145791829,0.020153993724406648,-0.2837411330202333,-0.06675503585452695,268.3089294433594,1
2025-11-19,268.3089294433594,271.9555110777923,265.2517925781922,265.2817633125939,40424500.0,AAPL,0.004187757744410714,269.51181640625,270.2160278320313,268.89850463867185,0.00923949853569137,-4.905426025390625,-0.11499804060222474,0.024985074158761136,-0.17954495901119305,-0.1788012836053917,266.0010986328125,0
2025-11-20,266.0010986328125,275.17250947675234,265.67142054546326,270.5768036466949,45823600.0,AAPL,-0.00860139398019577,268.1730651855469,269.8904602050781,269.24425201416017,0.009516157136827892,-6.693756103515625,0.13356009350764997,0.035718231917546944,-0.2454669014561306,-0.23625099782918565,271.2361755371094,1
2025-11-21,271.2361755371094,273.0744516711978,265.4216397990326,265.70137680880595,59030800.0,AAPL,0.01968065895668869,267.9892333984375,270.21815185546876,269.69005889892577,0.01007847400616632,-0.919158935546875,0.2882182979949197,0.028214569302973138,-0.03377332056811899,-0.15292839367848088,275.6620788574219,1
2025-11-24,275.6620788574219,276.7410558404627,270.64675212306133,270.64675212306133,65585800.0,AAPL,0.016317525903571717,269.6796569824219,270.8665466308594,270.05823211669923,0.009450545984356245,8.452117919921875,0.11104372632591808,0.0221078783946684,0.3163099867335717,0.012356588236440702,276.7110900878906,1
2025-11-25,276.7110900878906,280.1179060838009,274.9926967216935,275.012667049666,46914200.0,AAPL,0.0038054245067611348,271.58387451171876,271.03838806152345,270.46937408447263,0.009464026647410391,9.521087646484375,-0.2846896736793635,0.01852187912121447,0.3563414633589179,0.21295937650812355,277.29052734375,1
2025-11-26,277.29052734375,279.26868736786383,276.3714044558947,276.70108254872224,33431400.0,AAPL,0.002094015298321983,273.38019409179685,271.4460052490234,270.8745544433594,0.009461739903424391,8.981597900390625,-0.2873927297065707,0.010448546294469794,0.3347483782602412,0.3357999427842436,278.5893249511719,1
2025-11-28,278.5893249511719,278.73917862681736,275.73198274965245,277.0008150112318,20135600.0,AAPL,0.0046838874009274,275.89783935546876,272.0354522705078,271.2598373413086,0.009425571402713882,12.588226318359375,-0.3977039549644945,0.010794368656056676,0.47323963634210875,0.38810982598708926,282.8353576660156,1
2025-12-01,282.8353576660156,283.1550658399818,275.88187257202503,277.75011957449965,46587700.0,AAPL,0.01524118957389331,278.21767578125,273.10345458984375,271.90882263183596,0.00982136991317351,11.59918212890625,1.3136981267009675,0.02571529008245584,0.42764141272590983,0.4118764757760866,285.9224548339844,1
2025-12-02,285.9224548339844,287.1313151163589,282.36578537497866,282.7354345985028,53669500.0,AAPL,0.010914820528252767,280.2697509765625,274.9747039794922,272.77803802490234,0.009840321124933254,10.2603759765625,0.1520100799137969,0.016667210499949247,0.3722084669422143,0.42436317200341095,283.8843688964844,0
2025-12-03,283.8843688964844,288.35019153510143,283.0351573834178,285.9324708384744,43538700.0,AAPL,-0.007128107299873898,281.70440673828125,276.644140625,273.4959426879883,0.010105047119479823,7.17327880859375,-0.18876270507457682,0.018722531896857252,0.2592335134206336,0.3530277976962526,280.4375915527344,0
2025-12-04,280.4375915527344,284.46382276925783,278.32954829392816,283.83440686502166,43989100.0,AAPL,-0.012141483369261685,282.3338195800781,277.8570068359375,274.03651733398436,0.010627199206282483,3.147064208984375,0.010344819666181948,0.021873937945926795,0.11349339045697127,0.24831179027327308,278.5193786621094,0
2025-12-05,278.5193786621094,280.8771882481053,277.79005013345267,280.27774306596746,47265800.0,AAPL,-0.006840070477014848,282.3198303222656,279.1088348388672,274.49964752197263,0.010788240645311885,-0.0699462890625,0.07448890747935288,0.01108410527655909,-0.002510731129944377,0.12340539091588683,277.6302185058594,0
2025-12-08,277.6302185058594,279.4085531850005,275.8918244790692,277.8699843761556,38211800.0,AAPL,-0.0031924534677664207,281.2788024902344,279.7482391357422,274.98319549560546,0.010742169001831272,-5.20513916015625,-0.19155499325093406,0.01266695219582912,-0.18403424533302903,-0.02435052866866738,276.9208679199219,0
2025-12-09,276.9208679199219,279.7682096639769,276.6611317163261,277.8999627322321,32193300.0,AAPL,-0.0025550193698475887,279.4784851074219,279.8741180419922,275.3703323364258,0.01076492504528194,-9.0015869140625,-0.15750370304460926,0.011220093202038055,-0.3148261621945403,-0.1671237128858379,278.5193786621094,1
2025-12-10,278.5193786621094,279.48847306800184,276.1815698919154,277.490342786908,33038300.0,AAPL,0.005772445948890148,278.4054870605469,280.05494689941406,275.5466674804687,0.009740393957657899,-5.364990234375,0.026247697502275402,0.011873152927352597,-0.18898505244335229,-0.2292818199903072,277.77008056640625,0
2025-12-11,277.77008056640625,279.3286197507982,273.5540244422053,278.83908758708685,33248000.0,AAPL,-0.0026902907054526803,277.8719848632812,280.1029022216797,275.7744537353516,0.009630493585745364,-2.667510986328125,0.006347178880269366,0.02078911917661493,-0.09511959404438497,-0.19964360289409253,278.0198669433594,1
2025-12-12,278.0198669433594,278.9589906850317,276.5612402656973,277.64021728323,39532900.0,AAPL,0.0008992558753764257,277.77208251953124,280.04595642089845,276.04070434570315,0.00960839277585155,-0.49951171875,0.18903091915303172,0.008624385176843975,-0.017934540897995843,-0.1006797291285777,273.8537292480469,0
2025-12-15,273.8537292480469,279.8880911943856,272.5849275039148,279.8880911943856,50409100.0,AAPL,-0.014985035929685031,277.01678466796875,279.1477935791016,276.12562408447263,0.010240748586395084,-3.7764892578125,0.2751176867874605,0.026668118453321676,-0.13602587204435745,-0.08302666899557942,274.353271484375,1
2025-12-16,274.353271484375,275.2424541197232,271.53593087885605,272.5649667835892,37648600.0,AAPL,0.0018241206270945831,276.5032653808594,277.9908752441406,276.48278961181643,0.009265956309201497,-2.567596435546875,-0.25313881818957296,0.013510038428968633,-0.09271949979188121,-0.08222663757807817,271.5858764648437,0
2025-12-17,271.5858764648437,275.90184538512057,271.38608172110213,274.75292651919426,50138700.0,AAPL,-0.010086976563313588,275.11656494140624,276.7610260009766,276.7025833129883,0.00961160534816718,-6.933502197265682,0.33175470004196694,0.01662738770807544,-0.24894146434518594,-0.1592289453938082,271.935546875,1
2025-12-18,271.935546875,273.374203136776,266.7004552212896,273.35420232069225,51630700.0,AAPL,0.0012875132341485518,273.949658203125,275.91082153320315,276.8839141845703,0.009580584790725873,-5.83453369140625,0.029757452825861064,0.024541653315203013,-0.21004903334113423,-0.1839033324927338,273.4141845703125,1
2025-12-19,273.4141845703125,274.34330788170604,269.64768928264715,271.8955859651445,144632000.0,AAPL,0.005437456457254575,273.0285217285156,275.4003021240234,277.2545684814453,0.009374142454415521,-4.605682373046875,1.8012790839558637,0.017174012410652167,-0.16566018909667246,-0.20821689559433088,270.7166748046875,0
2025-12-22,270.7166748046875,273.62395794129594,270.25711338978425,272.6048920133635,36571800.0,AAPL,-0.0098660198257976,272.40111083984374,274.7089477539063,277.22859344482424,0.008644158530159915,-3.137054443359375,-0.7471389457381492,0.01243678304611546,-0.11455219003126849,-0.16342047082302505,272.1053771972656,1
2025-12-23,272.1053771972656,272.2452609569047,269.30800689497966,270.5868091030317,29642000.0,AAPL,0.005129726100470355,271.9515319824219,274.22739868164064,277.0507583618164,0.00785443517992239,-2.247894287109375,-0.18948479429505793,0.01079454618714004,-0.08193429861241497,-0.1207155592467853,273.55401611328125,1
2025-12-24,273.55401611328125,275.17249671786806,271.9455359163183,272.085389177814,17910600.0,AAPL,0.0053238158353827725,272.34515991210935,273.7308624267578,276.8929046630859,0.007906624501191516,1.9681396484375568,-0.3957695162269752,0.011796429997260346,0.07246840940538846,-0.041339359746098335,273.1444091796875,0
2025-12-26,273.1444091796875,275.1125687682936,272.6049054553,273.9037084592662,21521800.0,AAPL,-0.0014973530252399003,272.58693237304686,273.26829528808594,276.6855987548828,0.007884312779032104,1.2088623046875,0.20162361953256736,0.009180723561301006,0.04445400090496987,0.011662703899314453,273.50408935546875,1
2025-12-29,273.50408935546875,274.10350406329195,272.0954038139857,272.4350823114352,23715200.0,AAPL,0.0013168132449112857,272.60491333007815,272.81671752929685,276.4313369750977,0.00779825226983422,0.08990478515625,0.10191526731035516,0.007342121479932873,0.003288226808624284,0.040070212372994206,272.82470703125,0
2025-12-30,272.82470703125,273.82377221524894,272.0254670796708,272.5549704076282,22139600.0,AAPL,-0.002483993295382736,273.0265197753906,272.7138153076172,275.93080444335936,0.006813281410852839,2.1080322265625,-0.06643840237484822,0.006591430648442468,0.07786857710495143,0.04187026827284853,271.6058349609375,0
2025-12-31,271.6058349609375,273.42414083736213,271.4959524300237,272.80472532736104,27293600.0,AAPL,-0.004467601499789753,272.926611328125,272.43907165527344,275.21497344970703,0.006139986716996704,-0.499542236328125,0.23279553379464857,0.007099215698424712,-0.01835841104918634,0.020932797621463124,270.75665283203125,0
2026-01-02,270.75665283203125,277.5802543100492,268.7485221479618,272.0054842546519,37838100.0,AAPL,-0.003126523879828924,272.367138671875,272.3561492919922,274.5585876464844,0.006047353813083681,-2.79736328125,0.38633599085499903,0.03261870786815469,-0.10225999680047004,-0.014249943581568317,267.0101623535156,0
2026-01-05,267.0101623535156,271.25618925068443,265.89121426121545,270.38700744645297,45647200.0,AAPL,-0.013837113287258118,271.1402893066406,271.8636108398438,273.88721618652346,0.006201808020124974,-6.134246826171875,0.20638192721093285,0.020092774530303704,-0.2245788901407264,-0.11506576599679426,262.1147155761719,0
2026-01-06,262.1147155761719,267.2998660934885,261.8749496989937,266.7503924619391,52352100.0,AAPL,-0.018334308830022295,268.86241455078124,270.73366394042966,273.0669830322266,0.007099427684583257,-11.389373779296875,0.1468852415920363,0.020696725792635984,-0.4164242591815248,-0.24775438204090708,260.08660888671875,0
2026-01-07,260.08660888671875,263.4334831315393,259.5671060011504,262.95395138764474,48309800.0,AAPL,-0.00773747740562758,266.314794921875,269.6706573486328,272.1898025512695,0.007177998551531894,-12.73809814453125,-0.0772137125349317,0.014865729331235441,-0.46689679549705154,-0.36929998160643424,258.7978515625,0
2026-01-08,258.7978515625,259.0476178563403,255.4609622909548,256.7797203952787,50419300.0,AAPL,-0.004955108337700187,263.7531982421875,268.33990478515625,271.2836517333984,0.007186110883215295,-12.8079833984375,0.04366608845410247,0.01385890780673398,-0.47156510464068435,-0.4516287197730869,259.1275329589844,1
2026-01-09,259.1275329589844,259.9667440583015,255.98048371428257,258.8377955175017,39997000.0,AAPL,0.0012738954148727721,261.4273742675781,266.8972564697266,270.3140594482422,0.006952010916980699,-11.629119873046875,-0.20671250890036152,0.015383391716425224,-0.42950449237017296,-0.45598879750263627,260.0067138671875,1
2026-01-12,260.0067138671875,261.05572011368304,256.5599267903311,258.9177364764393,45263800.0,AAPL,0.0033928502238405045,260.0266845703125,265.58348693847654,269.42589111328124,0.007123875367491964,-7.003448486328125,0.1316798759906994,0.01729106628242081,-0.26229145829497313,-0.3877870184352768,260.8059387207031,1
2026-01-13,260.8059387207031,261.56523797230057,258.148452318208,258.4781303943212,45730800.0,AAPL,0.0030738623692765366,259.7649291992187,264.313671875,268.56519470214846,0.007207042881431379,-1.30877685546875,0.010317295498831314,0.013100873664351628,-0.04993145282178646,-0.24724246782897752,259.71697998046875,0
2026-01-14,259.71697998046875,261.57525710051715,256.4700180914029,259.247418118488,40019400.0,AAPL,-0.0041753602144793955,259.6910034179688,263.0028991699219,267.85835723876954,0.006658480428295914,-0.36962890625,-0.12489175785247575,0.019656931978410428,-0.014211762298419472,-0.10881155780505969,257.9685974121094,0
2026-01-15,257.9685974121094,260.7959687899761,256.8096782083212,260.40631875644857,39388600.0,AAPL,-0.00673187624656213,259.5251525878906,261.63917541503906,267.03912353515625,0.00663236369650636,-0.829254150390625,-0.015762355257699978,0.01545261951122956,-0.03204254383813332,-0.03206191965277975,255.29112243652344,0
2026-01-16,255.29112243652344,258.6579671912775,254.69167723491492,257.6589020182799,72142800.0,AAPL,-0.010379073276537754,258.75787048339845,260.0926223754883,266.22438583374026,0.006648968510380439,-3.8364105224609375,0.8315654783363715,0.01553634109368137,-0.1480510572787408,-0.06476845447176453,246.4693756103516,0
2026-01-20,246.4693756103516,254.55180921698133,243.1924430560896,252.49373739571587,80267500.0,AAPL,-0.03455563492367553,256.05040283203124,258.0385437011719,264.9510772705078,0.009592337231486567,-13.537338256835909,0.11261969316411347,0.04608834721458454,-0.5206534114250161,-0.2335823375139634,247.41848754882807,1
2026-01-21,247.41848754882807,251.3248360900433,244.9507953165175,248.4675090444481,54641700.0,AAPL,0.003850831106810393,253.37291259765624,256.5689208984375,263.6512924194336,0.009508890556132915,-13.387451171875057,-0.31925499112343103,0.025762184696355297,-0.5133108255717933,-0.3940050980918501,248.1178436279297,1
2026-01-22,248.1178436279297,250.76536025794263,247.9180183962477,248.96703988447877,39708300.0,AAPL,0.0028266120532467465,251.05308532714844,255.3720443725586,262.5213508605957,0.009586015649402781,-11.599136352539062,-0.2732967678531232,0.011475764177463673,-0.44660677763199597,-0.49352367154293514,247.80812072753903,0
2026-01-23,247.80812072753903,249.176850391454,244.45126111041236,247.0888078223564,41689000.0,AAPL,-0.001248289505752398,249.02098999023437,254.2730712890625,261.3064880371094,0.009359043321818127,-10.160476684570341,0.04988125908185448,0.01906954972729624,-0.3938648652005805,-0.4512608228014566,255.17123413085935,1
2026-01-26,255.17123413085935,256.32015295784896,249.5664780183616,251.24490015634893,55969200.0,AAPL,0.029712962519965025,248.99701232910155,253.87744140625,260.3873489379883,0.011952860721046643,-0.11988830566409092,0.34254119791791604,0.02646722685059347,-0.004696140802699089,-0.28172259454509185,258.0285339355469,1
2026-01-27,258.0285339355469,261.7051166970889,257.96859246831417,258.92771692213245,49648300.0,AAPL,0.011197578028024235,251.30884399414063,253.67962341308595,259.6315551757813,0.012388580944799159,11.559158325195284,-0.11293532871650835,0.014481050493849937,0.46898963802583626,0.023476210674185555,256.2002868652344,0
2026-01-28,256.2002868652344,258.61800761819165,254.2720830679268,257.409147241713,41288000.0,AAPL,-0.007085445328186779,253.06520385742186,253.21905822753905,258.76636505126953,0.012385186200583683,8.781799316406307,-0.16839045848498335,0.016962996425335376,0.3549370705240129,0.2730768559157167,258.0385437011719,1
2026-01-29,258.0385437011719,259.4072580677027,254.17216647920577,257.75880668092503,67253000.0,AAPL,0.007175077196164281,255.04934387207032,253.05121459960938,258.0270568847656,0.012600595196776455,9.920700073242188,0.6288752179810115,0.020288021756003808,0.399838235258847,0.40792164793623203,259.2374267578125,1
2026-01-30,259.2374267578125,261.6551472598355,251.94423313215475,254.9314433110553,92443400.0,AAPL,0.0046461394466286166,257.335205078125,253.1780975341797,257.40863647460935,0.012697973175734708,11.429306030273466,0.37456172958827105,0.03745953757191455,0.46121596002254517,0.405330421935135,269.7575988769531,1
2026-02-02,269.7575988769531,270.2371306501278,258.9676766447768,259.7869174093499,73913400.0,AAPL,0.04058122413384724,260.2524780273437,254.62474517822267,257.35868377685546,0.015897419073569407,14.586364746093778,-0.20044697620381768,0.04177622447807834,0.5716304502651526,0.4775615485155149,269.22808837890625,0
2026-02-03,269.22808837890625,271.6258386480508,267.3598109321867,268.9483513556569,64394700.0,AAPL,-0.0019629122599374993,262.4923889160156,256.90061645507814,257.469580078125,0.0155744766606661,11.199554443359375,-0.12878179058195127,0.015845403581591238,0.4340432537649863,0.4889632213508947,276.23150634765625,1
2026-02-04,276.23150634765625,278.68922850453845,272.03545112075,272.03545112075,90545700.0,AAPL,0.026012954335186356,266.4986328125,259.78191833496095,258.17541961669923,0.01590110847121556,20.031219482421875,0.40610485024388643,0.024087684535934933,0.7818578084949079,0.5958438375083489,275.6520690917969,0
2026-02-05,275.6520690917969,279.2387093202658,272.97458180817284,277.86999494352693,52977400.0,AAPL,-0.0020976508564164442,270.021337890625,262.5353408813477,258.9536926269531,0.0157547504782337,17.613525390625,-0.4149098190195669,0.022724761445584843,0.6825928071824339,0.6328312898141094,277.8599853515625,1
2026-02-06,277.8599853515625,280.6473855638201,276.6710954236804,276.8609202349588,50453400.0,AAPL,0.008009793893585249,273.745849609375,265.54052734375,259.90679931640625,0.015675533155847545,18.62255859375,-0.04764295718551681,0.014310409377977416,0.7183591824165014,0.7276032660312811,274.6199951171875,0
2026-02-09,274.6199951171875,278.20001220703125,271.70001220703125,277.9100036621094,44623400.0,AAPL,-0.01166051394653178,274.71832885742185,267.4854034423828,260.6814224243164,0.016042369684337157,4.862396240234375,-0.11555217289617747,0.023669070408461265,0.18025057534903022,0.5270675216493218,273.67999267578125,0
2026-02-10,273.67999267578125,275.3699951171875,272.94000244140625,274.8900146484375,34376900.0,AAPL,-0.003422920610733904,275.60870971679685,269.05054931640626,261.3650863647461,0.016106502716133474,4.451904296875,-0.22962167831227565,0.008878956229219043,0.16535809185739492,0.3546559498743089,275.5,1
2026-02-11,275.5,280.17999267578125,274.45001220703125,274.70001220703125,51931300.0,AAPL,0.0066501292492171515,275.4624084472656,270.9805206298828,262.09978942871095,0.01613084105214987,-0.73150634765625,0.5106452297909352,0.020798477200544466,-0.026481640611103474,0.10637567553177389,261.7300109863281,0
2026-02-12,261.7300109863281,275.7200012207031,260.17999267578125,275.5899963378906,81077200.0,AAPL,-0.049981811301894274,272.67799682617186,271.34966735839845,262.20044097900393,0.019976807213432833,-13.92205810546875,0.5612395607273455,0.05937419437060136,-0.5050590823184598,-0.1220608770240561,255.77999877929688,0
2026-02-13,255.77999877929688,262.2300109863281,255.4499969482422,262.010009765625,56290700.0,AAPL,-0.022733396848946263,268.2619995117187,271.00392456054686,262.0910110473633,0.020595773296709394,-22.079986572265625,-0.30571480021510367,0.026507209595915907,-0.7946443437808759,-0.4420616889034797,263.8800048828125,1
2026-02-17,263.8800048828125,266.2900085449219,255.5399932861328,258.04998779296875,58469100.0,AAPL,0.031667863563111576,266.11400146484374,270.4161651611328,262.52045516967775,0.0216248322938287,-10.739990234375,0.03869911015496341,0.04073827141076141,-0.39108551545170456,-0.5635963138503467,264.3500061035156,1
2026-02-18,264.3500061035156,266.82000732421875,262.45001220703125,263.6000061035156,34203300.0,AAPL,0.0017811172199722058,264.2480041503906,269.92835693359376,263.41448669433595,0.019856768212658308,-9.329986572265625,-0.4150192152778134,0.01653109520064196,-0.3409086093961766,-0.5088794895429191,260.5799865722656,0
2026-02-19,260.5799865722656,264.4800109863281,260.04998779296875,262.6000061035156,30845300.0,AAPL,-0.014261469431454121,261.2640014648438,268.3632049560547,264.0725616455078,0.020258300970106467,-14.920013427734375,-0.09817766121982385,0.017000627145749025,-0.5415612859431718,-0.42451847026368433,264.5799865722656,1
2026-02-20,264.5799865722656,264.75,258.1600036621094,258.9700012207031,42070500.0,AAPL,0.015350373037534393,261.83399658203126,267.25599670410156,264.8956687927246,0.020452109642805135,2.8499755859375,0.36391930050931576,0.02490738783105455,0.10888990434063661,-0.2578599969995706,266.17999267578125,1
2026-02-23,266.17999267578125,269.42999267578125,263.3800048828125,263.489990234375,37308200.0,AAPL,0.006047343656806037,263.91399536132815,266.08799743652344,265.8142623901367,0.02042957887416347,10.399993896484375,-0.1131980841682414,0.022728935154558733,0.4065991846945849,-0.008690732302650087,272.1400146484375,1
2026-02-24,272.1400146484375,274.8900146484375,267.7099914550781,267.8599853515625,47014600.0,AAPL,0.022390946489790453,265.5659973144531,265.8399993896484,266.66270141601564,0.020001544297014503,8.260009765625,0.26016800596115597,0.026383562897337412,0.31302143446955144,0.276170174501591,274.2300109863281,1
2026-02-25,274.2300109863281,274.94000244140625,271.04998779296875,271.7799987792969,33714300.0,AAPL,0.007679856784716499,267.5419982910156,265.89500122070314,267.4727752685547,0.019944893859480645,9.8800048828125,-0.2828972276697026,0.014185225878255311,0.3737471025040806,0.36445590722273896,272.95001220703125,0
2026-02-26,272.95001220703125,276.1099853515625,270.79998779296875,274.95001220703125,32345100.0,AAPL,-0.004667610137537803,270.01600341796876,265.64000244140624,268.31026153564454,0.01988626003692355,12.370025634765625,-0.040611847198369855,0.019454102660256132,0.47471126994379054,0.38715993563914086,264.17999267578125,0
2026-02-27,264.17999267578125,272.8099975585937,262.8900146484375,272.8099975585937,72366500.0,AAPL,-0.03213049693728531,269.9360046386719,265.88500061035154,268.617333984375,0.021375829189750107,-0.399993896484375,1.237324973489029,0.03755009154811597,-0.015118070783298743,0.27778010055485747,264.7200012207031,1
2026-03-02,264.7200012207031,266.5299987792969,260.20001220703125,262.4100036621094,41827900.0,AAPL,0.002044093269336189,269.6440063476563,266.7790008544922,268.8914627075195,0.021362914261137244,-1.459991455078125,-0.4219991294314358,0.023912007189015424,-0.05484978192393464,0.1349144724121857,263.75,0
2026-03-03,263.75,265.5599975585937,260.1300048828125,263.4800109863281,38568900.0,AAPL,-0.0036642536122324376,267.96600341796875,266.76600036621096,268.59108276367186,0.01926510794372757,-8.3900146484375,-0.07791450204289485,0.020587649955568506,-0.3082977216443561,-0.12608852478386315,262.5199890136719,0
2026-03-04,262.5199890136719,266.1499938964844,261.4200134277344,264.6499938964844,39803100.0,AAPL,-0.004663548763329417,265.6239990234375,266.58299865722654,268.2556777954102,0.019282057339668802,-11.71002197265625,0.03199987554739692,0.018017601198755444,-0.4270146046575496,-0.26338736940861346,260.2900085449219,0
2026-03-05,260.2900085449219,261.5599975585937,257.25,260.7900085449219,49658600.0,AAPL,-0.00849451684471103,263.0919982910156,266.5540008544922,267.45860290527344,0.018245974028606747,-12.660003662109375,0.24760634221957578,0.0165584441088904,-0.4638213261007962,-0.39971121746756727,257.4599914550781,0
2026-03-06,257.4599914550781,258.7699890136719,254.3699951171875,258.6300048828125,41120000.0,AAPL,-0.010872553678353492,261.747998046875,265.8420013427734,266.5489990234375,0.0183332904002872,-6.720001220703125,-0.17194604761310228,0.017090010263797008,-0.25437207233745207,-0.3817360010319326,259.8800048828125,1
2026-03-09,259.8800048828125,261.1499938964844,253.67999267578125,255.69000244140625,38218500.0,AAPL,0.009399570838394267,260.7799987792969,265.2120025634766,265.65,0.018380773423736285,-4.839996337890625,-0.07056177042801559,0.02874403986590491,-0.1828345540787224,-0.3003426508389902,260.8299865722656,1
2026-03-10,260.8299865722656,262.4800109863281,256.95001220703125,257.6499938964844,30590800.0,AAPL,0.0036554627966916,260.19599609375,264.08099975585935,264.9604995727539,0.01832770427675293,-2.920013427734375,-0.19958135457958837,0.021201545312983912,-0.11071140958234582,-0.1826393453328401,260.8099975585937,0
2026-03-11,260.8099975585937,262.1300048828125,259.54998779296875,261.0899963378906,26218900.0,AAPL,-7.663617950770529e-05,259.85399780273434,262.73899841308594,264.3169998168945,0.01833325634378939,-1.7099914550781818,-0.14291551708356764,0.00989232435104073,-0.06513757148561838,-0.11956117838222886,255.75999450683597,0
2026-03-12,255.75999450683597,258.95001220703125,254.17999267578125,258.6600036621094,40794000.0,AAPL,-0.019362766377938323,258.9479949951172,261.0199966430664,263.32999954223635,0.018589996985178665,-4.530014038085909,0.555900514514339,0.01865037391968863,-0.1740371850387068,-0.116628722035557,250.1199951171875,0
2026-03-13,250.1199951171875,256.3299865722656,249.5200042724609,255.47999572753903,36930000.0,AAPL,-0.022051921765652516,257.47999572753906,259.613996887207,262.7494987487793,0.01575014687831687,-7.339996337890625,-0.09471981173702015,0.02722686083779135,-0.2850926971762646,-0.1747558179001966,252.82000732421875,1
2026-03-16,252.82000732421875,253.88999938964844,249.8800048828125,252.1100006103516,32074200.0,AAPL,0.01079486750256109,256.0679962158203,258.4239974975586,262.6014991760254,0.015219163756148726,-7.05999755859375,-0.1314865962632007,0.015861064752258642,-0.2716637458036575,-0.24359787600620963,254.22999572753903,1
2026-03-17,254.22999572753903,255.1300048828125,252.17999267578125,252.9600067138672,32361600.0,AAPL,0.005577044389181163,254.747998046875,257.4719970703125,262.1189987182617,0.01331883205106175,-6.599990844726591,0.008960472903455141,0.011603714182463384,-0.2530380395084675,-0.26993149416279655,249.94000244140625,0
2026-03-18,249.94000244140625,254.94000244140625,249.0,252.6300048828125,35757900.0,AAPL,-0.016874457610149274,252.5739990234375,256.21399841308596,261.39849853515625,0.013704270871803564,-10.869995117187443,0.10494845743102932,0.023765713304731092,-0.416778314441163,-0.31382669991776263,248.9600067138672,0
2026-03-19,248.9600067138672,251.8300018310547,247.3000030517578,249.3999938964844,34864100.0,AAPL,-0.0039209238936004365,251.21400146484376,255.08099822998048,260.8174995422363,0.013437961396461506,-6.799987792968778,-0.024995875037404303,0.018195688693498704,-0.2658737855418214,-0.3118967131638173,247.9900054931641,0
2026-03-20,247.9900054931641,249.1999969482422,246.0,247.97999572753903,88331100.0,AAPL,-0.003896213024359052,250.78800354003906,254.13399963378907,259.9880004882813,0.012789068142992351,-2.129989624023409,1.5335832561287974,0.012903733526996499,-0.08515871044317946,-0.25593693680872126,251.4900054931641,1
2026-03-23,251.4900054931641,254.6000061035156,250.27999877929688,253.97000122070312,40546100.0,AAPL,0.01411347200480817,250.52200317382812,253.2949996948242,259.2535011291504,0.013214621434022774,-1.330001831054659,-0.5409759416558834,0.017177650124693113,-0.05260666848051487,-0.13454638815517192,251.63999938964844,1
2026-03-24,251.63999938964844,254.8300018310547,249.5500030517578,250.3500061035156,45152300.0,AAPL,0.0005964209042430557,250.00400390625,252.3760009765625,258.22850036621094,0.011861557954281466,-2.5899963378905966,0.11360402110190626,0.020982350946206825,-0.10187611145092146,-0.0798804967915386,252.6199951171875,1
2026-03-25,252.6199951171875,255.0,251.6000061035156,254.1000061035156,28476700.0,AAPL,0.00389443542328749,250.54000244140624,251.55700073242187,257.1479995727539,0.011697113420990585,2.67999267578125,-0.3693189494222886,0.013458926301170996,0.10722544008974877,-0.015752446613895854,252.88999938964844,1
2026-03-26,252.88999938964844,257.0,250.7700042724609,252.1199951171875,41796700.0,AAPL,0.0010688159198788405,251.3260009765625,251.27000122070314,256.14499893188474,0.011750863659618966,3.92999267578125,0.4677508278698024,0.02463520005763464,0.15785638535501967,0.05440190466461566,248.8000030517578,0
2026-03-27,248.8000030517578,255.4900054931641,248.07000732421875,253.8999938964844,47900000.0,AAPL,-0.016173025219509918,251.48800048828124,251.13800201416015,255.3759994506836,0.010155380189741303,0.8099975585937216,0.14602348989274283,0.02982314340004956,0.03266250819192962,0.09924811121223269,246.6300048828125,0
2026-03-30,246.6300048828125,250.8699951171875,245.50999450683597,250.07000732421875,39446200.0,AAPL,-0.008721857485242457,250.51600036621093,250.51900177001954,254.47149963378905,0.010162318925922627,-4.860000610351591,-0.17648851774530272,0.021732962349404184,-0.19324826053509714,-0.0009097889960492841,253.7899932861328,1
2026-03-31,253.7899932861328,255.47999572753903,247.1000061035156,247.91000366210935,49598100.0,AAPL,0.029031294901536553,250.9459991455078,250.4750015258789,253.9734992980957,0.012494039662805604,2.149993896484375,0.2573606583143624,0.033019385498684765,0.08543927442772103,-0.025048825971815496,255.6300048828125,1
2026-04-01,255.6300048828125,256.17999267578125,253.3300018310547,254.0800018310547,40059400.0,AAPL,0.007250134541771258,251.54800109863282,251.04400177001952,253.62900009155274,0.012635979865301543,3.010009765625,-0.19231986709168292,0.011148890154866887,0.11915168331108061,0.0037808990679015033,255.9199981689453,1
2026-04-02,255.9199981689453,256.1300048828125,250.6499938964844,254.1999969482422,31289400.0,AAPL,0.0011344258521832629,252.15400085449218,251.74000091552733,253.4104995727539,0.012528534575395489,3.029998779296875,-0.218924896528655,0.021412984626197416,0.1198148913207242,0.10813528301984195,258.8599853515625,1
2026-04-06,258.8599853515625,262.1600036621094,256.4599914550781,256.510009765625,29329900.0,AAPL,0.011487914987700076,254.16599731445314,252.82699890136718,253.48049926757812,0.012577322318434584,10.059982299804688,-0.06262504234660937,0.022019672910395784,0.4043401196306218,0.2144355647541422,253.5,0
2026-04-07,253.5,256.20001220703125,245.6999969482422,256.1600036621094,62148000.0,AAPL,-0.020706117804507373,255.5399963378906,253.0279983520508,253.1614990234375,0.013221825719102907,6.8699951171875,1.118929829286837,0.04142017853565705,0.2785547168298441,0.2675699092603967,258.8999938964844,1
2026-04-08,258.8999938964844,259.75,256.5299987792969,258.45001220703125,41032800.0,AAPL,0.02130175107094434,256.56199645996094,253.75399780273438,253.06499938964845,0.014118395784570931,5.1100006103515625,-0.33975670978953465,0.012437239461622288,0.2013476002022796,0.29474747888758185,260.489990234375,1
2026-04-09,260.489990234375,261.1199951171875,256.07000732421875,259.0,28121600.0,AAPL,0.006141353323192211,257.53399353027345,254.54099731445314,253.0489990234375,0.014191307003883552,4.8599853515625,-0.3146555925990915,0.019386494615109932,0.1901179540246245,0.22334009035224942,260.4800109863281,0
2026-04-10,260.4800109863281,262.19000244140625,259.0199890136719,259.9800109863281,31291500.0,AAPL,-3.8309525974056235e-05,258.44599609375,255.29999847412108,253.2849998474121,0.013439064552530532,4.5600128173828125,0.11272118229403727,0.012169891331510887,0.1781811835733338,0.18988224593341263,259.20001220703125,0
2026-04-13,259.20001220703125,260.17999267578125,256.6600036621094,259.7300109863281,36234700.0,AAPL,-0.004914000020385667,258.5140014648438,256.3399993896484,253.7390007019043,0.012397885946170823,0.34002685546875,0.15797261237077165,0.013580203888494992,0.013135551058884865,0.12714489621894773,258.8299865722656,0
2026-04-14,258.8299865722656,261.92999267578125,257.19000244140625,259.25,48370700.0,AAPL,-0.001427567968129817,259.5799987792969,257.55999755859375,254.03949966430665,0.012234304758012512,5.329986572265625,0.3349275694293039,0.01831314175435229,0.21025588056274636,0.13385753839832168,266.42999267578125,1
2026-04-15,266.42999267578125,266.5599975585937,257.8099975585937,258.1600036621094,49913500.0,AAPL,0.029362927395561567,261.08599853515625,258.8239974975586,254.64949951171874,0.013740815832151157,7.529998779296875,0.03189534160142404,0.03284164786450255,0.29084584614967435,0.1714124259237685,263.3999938964844,0
2026-04-16,263.3999938964844,267.1600036621094,261.2699890136719,266.79998779296875,43323100.0,AAPL,-0.011372588907376024,261.6679992675781,259.60099639892576,255.32249908447267,0.013384329884474118,2.910003662109375,-0.1320364230118104,0.022361483617772075,0.11171268652170108,0.20427147107804058,270.2300109863281,1
2026-04-17,270.2300109863281,272.29998779296875,266.7200012207031,266.9599914550781,61436200.0,AAPL,0.025930209749845057,263.6179992675781,261.03199768066406,256.3859992980957,0.01424278779470716,9.75,0.41809334973720724,0.02064902618291325,0.3743089522716492,0.25895582831434155,273.04998779296875,1
2026-04-20,273.04998779296875,274.2799987792969,270.2900085449219,270.3299865722656,36590200.0,AAPL,0.010435468645202839,266.38799438476565,262.4509979248047,257.6389984130859,0.014174206848872701,13.8499755859375,-0.404419544177537,0.014612673183491515,0.534335452687984,0.34011903049377806,266.1700134277344,0
2026-04-21,266.1700134277344,272.79998779296875,265.3999938964844,271.5,50154100.0,AAPL,-0.025196757637106715,267.8559997558594,263.71799926757814,258.3729988098145,0.01549612867885238,7.34002685546875,0.3706976184880104,0.027801756483336867,0.2835848717791212,0.39740975891291813,,0
